PUBCHEM_RESULT_TAG,PUBCHEM_SID,PUBCHEM_CID,PUBCHEM_EXT_DATASOURCE_SMILES,PUBCHEM_ACTIVITY_OUTCOME,PUBCHEM_ACTIVITY_SCORE,PUBCHEM_ACTIVITY_URL,PUBCHEM_ASSAYDATA_COMMENT,IC,pIC,Modifier
RESULT_TYPE,,,,,,,,FLOAT,FLOAT,STRING
RESULT_DESCR,,,,,,,,,-log(IC50),
RESULT_UNIT,,,,,,,,MICROMOLAR,NONE,
RESULT_IS_ACTIVE_CONCENTRATION,,,,,,,,TRUE,,
1,85858082,2400619,C1CCC(CC1)CNC(=O)C2=CC(=O)C3=CC=CC=C3O2,Inactive,,,,100,4,&lt;
2,85858966,4371196,CC1=C(C=C(C=C1)NC(C)C(=O)NC2=CC=C(C=C2)C#N)S(=O)(=O)N3CCCCC3,Active,,,,16,4.8,=
3,85859618,91800515,CCC1=CC(=CC=C1)N2C3=C(C=CC=N3)C(=N2)OCC(=O)NC4CCCC4,Inactive,,,,100,4,&lt;
4,85859680,44522284,CC1(CCC(=CC2=CC=C(C=C2)Cl)CC1(CN3C=CN=C3)O)C,Active,,,,0.05,7.3,=
5,85859845,970273,C1=CC(=CC(=C1)[N+](=O)[O-])NC(=O)NC2=CC=C(C=C2)C(F)(F)F,Active,,,,6.3,5.2,=
6,85860282,44522388,C1CCC(CC1)NC2=NC(=NC(=C2)C3CC3)C4=CC=CC=N4,Inactive,,,,100,4,&lt;
7,85860283,44522389,CC(C)(C)C1=CC(=NC(=N1)C2=CC=CC=N2)NC3CC3,Inactive,,,,100,4,&lt;
8,85863135,91800516,C1=CC=NC(=C1)C2=NC(=NC(=N2)N3C(=CC(=N3)C4=CC(=CC=C4)C(F)(F)F)N)N.C(=O)(C(F)(F)F)O.C(=O)(C(F)(F)F)O.C(=O)(C(F)(F)F)O.C(=O)(C(F)(F)F)O.C(=O)(C(F)(F)F)O.C(=O)(C(F)(F)F)O.C(=O)(C(F)(F)F)O.C(=O)(C(F)(F)F)O,Inactive,,,,100,4,&lt;
9,85868598,91800517,C1COC2=C(C1NCCCNC3=CC(=O)C4=CC=CC=C4N3)C=C(C=C2I)Cl.Cl.Cl,Active,,,,16,4.8,=
10,85869875,91800518,CC1=C(C(=C(S1)C)C(F)(F)F)CNCCCNC2=CC(=O)C3=CC=CC=C3N2.Cl.Cl,Active,,,,20,4.7,=
11,251969452,135551724,CCC1=C(N=C(NC1=O)N2C(=CC(=N2)C)NC(=O)COC3=CC=CC=C3F)C,Inactive,,,,100,4,&lt;
12,251969453,22581444,CCS(=O)(=O)C1=CC=CC(=C1)C(=O)NC2=NC(=CS2)C3=CC=CC=N3,Active,,,,63,4.2,=
13,251969454,135457059,C1=CC=NC(=C1)C2=NC(=CC(=O)N2)CSC3=CC=C(C=C3)Cl,Active,,,,63,4.2,=
14,251969455,70687236,COC1=CC=C(C=C1)C(=O)[C@H]2C[C@@H]2CN(CC3=CC=CC=N3)CC4=CC=CC=N4,Active,,,,40,4.4,=
15,251969456,10114275,CC(C)N(C1=CC=CC=C1)C(=O)CN2C3=CC=CC=C3N(C(=O)C(C2=O)N)C4=CC=CC=C4,Active,,,,0.32,6.5,=
16,251969458,14742293,C1=CC(=CN=C1)N2N=C(N=N2)C3=CC=C(O3)[N+](=O)[O-],Active,,,,4,5.4,=
17,251969459,14742291,C1=CC(=CC=C1N2N=C(N=N2)C3=CC=C(O3)[N+](=O)[O-])Cl,Inactive,,,,100,4,&lt;
18,251969460,101301,C[C@@H]1[C@@H]2C3=CC(=C(C=C3CCN2CC4=C1C=CC(=C4OC)OC)OC)OC,Active,,,,79,4.1,=
19,251969462,9923406,COCC1=CC(=NC(=N1)C2=CC=CC=N2)NC3=CC=C(C=C3)Cl,Inactive,,,,100,4,&lt;
20,251969463,91800519,COCC1=CC(=NC(=N1)C2=CC=CC=N2)NC3=CC=CC=C3,Inactive,,,,100,4,&lt;
21,251969464,91800520,CNC(=O)OC1=C(C=C(C=C1)C(=O)NCC2=CC=CC=C2)OC(=O)NC,Inactive,,,,100,4,&lt;
22,251969465,6303,C1[C@H](O[C@H]([C@@H]1O)N2C=NC3=C(N=CN=C32)N)CO,Inactive,,,,100,4,&lt;
23,251969466,91800521,C1CCC(=O)C(CC1)(CC2=CN=CN2)C3=C(C=C(C=C3)Cl)Cl,Active,,,,0.1,7,=
24,251969467,91800522,C1CCOC(C1)CC(CN2C=NC=N2)C3=C(C=C(C=C3)Cl)Cl.Cl,Active,,,,0.25,6.6,=
25,251969468,135449281,C1=NC2=C(NN=C2C(=O)N1)[C@H]3[C@@H]([C@@H]([C@H](O3)CO)O)O,Inactive,,,,100,4,&lt;
26,251969469,91800524,CN(CC1=CC=NC=C1)CC2=CC(=C(C=C2)OC)C3=CC=C(S3)S(=O)(=O)NC4CCC4.C(=O)(C(F)(F)F)O.C(=O)(C(F)(F)F)O,Active,,,,0.079,7.1,=
27,251969470,91800526,CN(C)CC1=CC=C(C=C1)C2=CC(=C(C=C2)S(=O)(=O)NCC3CCCO3)F.C(=O)(C(F)(F)F)O,Active,,,,40,4.4,=
28,251969471,71201136,CC(C)(C)NC1=NC(=NC2=C1C=CN2)NC3=CC4=C(CS(=O)(=O)C4)C=C3,Active,,,,25,4.6,=
29,251969472,6485736,CC1=C(C(=O)N2C(=N1)N=C(N2)C)CC3=CC=C(C=C3)C(C)C,Inactive,,,,100,4,&lt;
30,251969473,2921766,CN1C(=NC(=N1)[N+](=O)[O-])N2CCCCC2,Inactive,,,,100,4,&lt;
31,251969474,17077923,COC1=C(C=C(C=C1)CN2C3=C(C=C(C=C3)Br)C(C2=O)(CC(=O)C4=CC=NC=C4)O)OC,Active,,,,0.5,6.3,=
32,251969475,91800528,CC1=CC=CC=C1CNC(=O)CN(CC2=CC=CC=N2)CC3=CC=CC=N3.C(=O)(C(F)(F)F)O,Active,,,,100,4,=
33,251969476,91800530,C1C(CC2=CC=CC=C21)NC(=O)CN(CC3=CC=CC=N3)CC4=CC=CC=N4.C(=O)(C(F)(F)F)O,Active,,,,79,4.1,=
34,251969477,91800532,CC(CCC1=CC=CC=C1)NC(=O)CN(CC2=CC=CC=N2)CC3=CC=CC=N3.C(=O)(C(F)(F)F)O,Active,,,,63,4.2,=
35,251969478,91800534,C1OC2=C(O1)C=C(C=C2)CNC(=O)CN(CC3=CC=CC=N3)CC4=CC=CC=N4.C(=O)(C(F)(F)F)O,Active,,,,100,4,=
36,251969479,91800536,C1=CC=NC(=C1)CN(CC2=CC=CC=N2)CC(=O)NCC3=CSC(=N3)C4=CC=CS4.C(=O)(C(F)(F)F)O,Active,,,,40,4.4,=
37,251969480,91800538,CC1=NN(N=C1CNC(=O)CN(CC2=CC=CC=N2)CC3=CC=CC=N3)C4=CC=CC=C4.C(=O)(C(F)(F)F)O,Active,,,,25,4.6,=
38,251969481,91800540,C1=CC=NC(=C1)CN(CC2=CC=CC=N2)CC(=O)NCC3=CC=C(C=C3)C4=CSN=N4.C(=O)(C(F)(F)F)O,Active,,,,40,4.4,=
39,251969482,91800542,CC(C)C1=CC(=C(C=C1S(=O)(=O)C)C(=O)N2CCN(CC2)C3=CC=CC=C3Cl)OC,Inactive,,,,100,4,&lt;
40,251969483,16261305,C1OC2=C(O1)C=C(C=C2)C3=NN=C(O3)SCC(=O)N(CC4=CC=CO4)CC(F)(F)F,Active,,,,25,4.6,=
41,251969484,16255954,C1CN(CCN1C(=O)CNC(=O)C2=CC3=C(C=C2)OCO3)S(=O)(=O)C4=CC=CC=C4C#N,Active,,,,79,4.1,=
42,251969485,16258387,CC1=CC=CC=C1N(CC(=O)NC2=CC=C(C=C2)C(=O)NC3=CC=C(C=C3)OC)S(=O)(=O)C,Active,,,,6.3,5.2,=
43,251969486,16759187,COC1=CC=C(C=C1)S(=O)(=O)NC2=CC=C(C=C2)C(=O)NC3=NC(=CS3)C4=CC=CC=N4,Active,,,,0.4,6.4,=
44,251969487,4880417,C1=CC=C(C(=C1)C(=O)NC2=NC(=CS2)C3=CC=CC=N3)N4C=NN=N4,Inactive,,,,100,4,&lt;
45,251969488,5300710,C1=CN(C=C1)C2=CC=C(C=C2)CNC(=O)C3=NC(=NO3)CN4C=CC(=N4)[N+](=O)[O-],Inactive,,,,100,4,&lt;
46,251969489,91800543,CC1=C(SC2=CC=CC(=C12)OC)CN(C)C(=O)C3CNCCN3C4=CC=C(C=C4)F.C(=O)(C(F)(F)F)O,Active,,,,0.25,6.6,=
47,251969490,15994767,COC1=CC=CC(=C1)C2=CC(=NC(=N2)N3C=CC(=N3)[N+](=O)[O-])C(F)(F)F,Inactive,,,,100,4,&lt;
48,251969492,5047434,CCCCCNC(=O)C1=CNC2=C(C1=O)C=C(C=C2)S(=O)(=O)N(C)C3=CC=C(C=C3)OCC,Active,,,,1.6,5.8,=
49,251969493,24639827,COC1=CC=C(C=C1)NS(=O)(=O)C2=CC=CC(=C2)NC(=O)C3=CC(=CC(=C3)F)F,Inactive,,,,100,4,&lt;
50,251969494,1506247,CC1=CC=CC=C1NC2=NC(=CC(=N2)N(C)C)C,Inactive,,,,100,4,&lt;
51,251969495,2315987,CCOC1=CC2=C(C=C1)N=C(S2)NC(=O)C3=CC=C(S3)[N+](=O)[O-],Inactive,,,,100,4,&lt;
52,251969496,16238160,C1COCCN1C(CNC(=O)C2=CC=C(O2)[N+](=O)[O-])C3=CC=CS3.Cl,Active,,,,10,5,=
53,251969497,2104743,CCN(CC)C1=NC=C(S1)C(=O)C2=CC=C(O2)[N+](=O)[O-],Active,,,,40,4.4,=
54,251969498,91800545,C1CC2=CC=CC=C2CC1C(=O)NC3=NC(=CS3)C4=CC=CC=N4,Active,,,,25,4.6,=
55,251969499,2731946,C1C(=O)N(C(S1)C2=CN=CC=C2)C3=C(C=C(C=C3)Cl)Cl,Active,,,,0.16,6.8,=
56,251969500,1096853,CN1C(=CN=C1NC(=O)C2=CC=C(C=C2)F)C3=CC=C(C=C3)OC,Active,,,,10,5,=
57,251969501,91800546,C1CC(C1)C(=O)N(CCC2=CC=CC=N2)CC3=CC=C(C=C3)C4=CC=C(C=C4)[C@H]5C[C@@H]5C(=O)O.C(=O)(C(F)(F)F)O,Active,,,,20,4.7,=
58,251969502,91800548,CN(C)CCN(C)CC1=C(C=C(C=C1)Cl)NS(=O)(=O)C2=CC(=C(C=C2)Cl)Cl,Active,,,,32,4.5,=
59,251969503,91800549,CN(C)CCN(C)CC1=C(C=C(C=C1)F)NS(=O)(=O)C2=CC(=C(C=C2)Cl)Cl,Inactive,,,,130,3.9,&lt;
60,251969504,54685672,C1CN2C3=C1C=CC=C3C(=C(C2=O)C(=O)NC4=NC5=CC=CC=C5N4)O,Inactive,,,,100,4,&lt;
61,251969506,91800550,C1CN(CCC1O)CC2=CC(=CC=C2)C3=CC(=CC=C3)NC(=O)C4=CC=C(C=C4)C#N.C(=O)(C(F)(F)F)O,Active,,,,25,4.6,=
62,251969507,91800552,C1[C@H]2[C@@]1(CN(C2)C(=O)NC3=NC(=CS3)C4=CC=CC=N4)C5=CC=CC=C5,Active,,,,40,4.4,=
63,251969508,8924089,CN(C)S(=O)(=O)C1=CC=CC(=C1)C(=O)NC2=NC(=CS2)C3=CC=CC=N3,Active,,,,32,4.5,=
64,251969509,8896580,C1=CC=NC(=C1)C2=CSC(=N2)NC(=O)CCCNC(=O)C3=CC=C(C=C3)Cl,Active,,,,3.2,5.5,=
65,251969510,7522068,C1=CSC(=C1)C(=O)NCCC2=CSC(=N2)C3=CC=C(C=C3)F,Active,,,,25,4.6,=
66,251969511,5297849,CN1C(=NC(=N1)[N+](=O)[O-])OC2=CC=C(C=C2)C(=O)C3=CC=CC=C3,Inactive,,,,100,4,&lt;
67,251969512,91800553,CN1CCCN(CC1)C(=O)C2=C(C=C(C=C2)N3CCCC3)Cl,Inactive,,,,100,4,&lt;
68,251969513,24712013,CCCNC(=O)NC1=CC=CC(=C1)C2=NC3=C(O2)C=CC=N3,Inactive,,,,100,4,&lt;
69,251969514,24712253,CN(C)C1=C(C=C(C=C1)N)CN(CC2CCCO2)S(=O)(=O)C,Inactive,,,,100,4,&lt;
70,251969515,45979190,COC1=CC=C(C=C1)C2CC(=NN2C(=O)CNC(=O)C3CCC3)C4=CC=CC=C4Cl,Active,,,,50,4.3,=
71,251969516,45979192,COC1=CC=C(C=C1)C2CC(=NN2C(=O)CNC(=O)C3CCCC3)C4=CC=CC=C4Cl,Active,,,,63,4.2,=
72,251969517,91800554,CC1=C(N2C(=C(C(=N2)C)C3=CC=CS3)N=C1C)NCCO,Inactive,,,,100,4,&lt;
73,251969518,10590030,C1=CC=C(C=C1)NC(=O)NC2=NC(=CS2)C3=CC=CC=N3,Active,,,,32,4.5,=
74,251969519,6487919,C1CCC(CC1)(C(=O)NCC2=CC=CO2)NC(=O)NC3=CC=C(C=C3)C(F)(F)F,Inactive,,,,32,4.5,&lt;
75,251969520,3164149,CCC(=O)NC1=CC=C(C=C1)C2=NC3=C(N2)C=C(C=C3)Cl,Inactive,,,,100,4,&lt;
76,251969521,6457855,CCN(CC)C1=NC(=NC2=CC=CC=C21)NC3=CC=NC=C3,Inactive,,,,100,4,&lt;
77,251969522,6496995,COC1=C(C=C(C=C1)C2=NC3=C(O2)C=CC=N3)NC(=O)C4=CC=CS4,Inactive,,,,100,4,&lt;
78,251969523,7518526,C1=CC(=CC(=C1)F)C2=NC(=CS2)CCNC(=O)C3=CC=CO3,Inactive,,,,100,4,&lt;
79,251969524,3492005,COC1=C(C=C(C=C1)C2CC(=NN2C(=O)C3=CC=CS3)C4=CC=C(C=C4)NS(=O)(=O)C)OC,Active,,,,13,4.9,=
80,251969525,3655356,COC1=CC=CC=C1C2CC(=NN2C(=O)C3=CC=CS3)C4=CC=C(C=C4)NS(=O)(=O)C,Active,,,,25,4.6,=
81,251969526,4541031,CCS(=O)(=O)NC1=CC=C(C=C1)C2=NN(C(C2)C3=CC=CC=C3OC)C(=O)C4=CC=CS4,Active,,,,25,4.6,=
82,251969527,16806787,C1CN(CCN1C2=CC=CC=C2F)C(CNS(=O)(=O)C3=CC=C(C=C3)F)C4=CN=CC=C4,Active,,,,0.079,7.1,=
83,251969528,4266122,C1CCCC(CC1)NC2=C(C=C(C=C2)[N+](=O)[O-])C#N,Inactive,,,,100,4,&lt;
84,251969529,9156171,CCOC1=CC=C(C=C1)CN(C)CC2=NC(=NC(=N2)NC3=CC=C(C=C3)C)N,Active,,,,16,4.8,=
85,251969530,661967,C1=CC=C2C(=C1)C(=NC(=N2)C3=CC=CC=N3)NCC4=CC=CO4,Inactive,,,,100,4,&lt;
86,251969531,2963105,CCC(CC)C(=O)NC1=CC=CC(=C1)C(=O)NC2=NN=C(S2)C3CCCCC3,Inactive,,,,100,4,&lt;
87,251969532,91800555,CCN(CC)C1=NC(=NC2=C1CN(CC2)CC3=CC=CC=C3)N(C)C,Active,,,,10,5,=
88,251969533,91800556,CC1=NN=NN1C2=CC=CC(=C2)C(=O)N3CCC[C@@]4(C3CCC5=CN=CN=C54)C,Active,,,,25,4.6,=
89,251969534,2842804,C=CCOCC1CN2C(=NC(=N2)[N+](=O)[O-])O1,Inactive,,,,100,4,&lt;
90,251969535,2230469,CC1=CC=C(C=C1)NC(=O)C2=CC(=C(C=C2)Cl)NC(=O)C3=CC=C(C=C3)[N+](=O)[O-],Inactive,,,,100,4,&lt;
91,251969536,797276,C=CCN1C(=NC(=N1)[N+](=O)[O-])OC2=C(C=C(C=C2)Cl)Cl,Active,,,,20,4.7,=
92,251969537,2981595,CC1=C(C(=NN1CC2=C(C(=CC=C2)Cl)Cl)[N+](=O)[O-])C#N,Inactive,,,,100,4,&lt;
93,251969538,17023905,CC1=C(C=NN1C)CNC(=O)C2=CC=C(C=C2)CN3C=C(C(=N3)[N+](=O)[O-])Cl,Inactive,,,,100,4,&lt;
94,251969539,19585384,CC1=C(C(=NN1)C(F)(F)F)NC(=O)CCN2C=C(C(=N2)[N+](=O)[O-])Cl,Inactive,,,,100,4,&lt;
95,251969540,4772966,CC1CCC2=C(C1)SC(=C2C#N)NC(=O)C3=NN(C(=C3[N+](=O)[O-])C)C,Inactive,,,,100,4,&lt;
96,251969541,4772348,C1=CC(=CC=C1CN2C=NC(=N2)[N+](=O)[O-])C(=O)NC3=NC=C(C=C3)Br,Inactive,,,,100,4,&lt;
97,251969542,4775141,CC1=NN(C(C1)(C(F)(F)F)O)C(=O)CCN2C=NC(=N2)[N+](=O)[O-],Inactive,,,,100,4,&lt;
98,251969543,91800557,C1CN(CCN1C[C@@H]2CN3C(=O)C=CC4=C3C2=C(C=C4)F)CC(C5=NC=C6C(=C5)SCO6)O.Cl.Cl,Inactive,,,,100,4,&lt;
99,251969544,16405913,C1CCN(C(C1)C2=CN=CC=C2)C(=O)C3=CC4=C(N3)C=CC(=C4)Cl,Active,,,,0.063,7.2,=
100,251969545,72168304,CCC1=CC=C(O1)C=CC(=O)NC2=CC=C(C=C2)OCC,Inactive,,,,100,4,&lt;
101,251969546,44765192,C1CN(CCN1CC2=CC=C(C=C2)N3C=CN=C3)S(=O)(=O)C4=CC=CC=C4C(F)(F)F,Active,,,,0.1,7,=
102,251969547,91800559,CC1(CCN(C1)CC2=CC3=CC=CC=C3N2)OC4=CC(=CN=C4)Cl,Active,,,,10,5,=
103,251969548,4830568,COC1=CC=C(C=C1)NS(=O)(=O)C2=C(C=CC(=C2)NC(=O)C3=CC=C(S3)[N+](=O)[O-])OC,Active,,,,1,6,=
104,251969549,2463746,CC(=O)NC1=CC=C(C=C1)C2=CSC(=N2)NC(=O)C3=CC=C(S3)[N+](=O)[O-],Active,,,,6.3,5.2,=
105,251969550,4792080,CC1=CC(=C(C=C1Cl)OC)NC(=O)C2=CC=C(S2)[N+](=O)[O-],Active,,,,16,4.8,=
106,251969551,4792090,CC1=C(C=CC(=C1)NC(=O)C2=CC=C(S2)[N+](=O)[O-])Br,Active,,,,10,5,=
107,251969552,8892628,CS(=O)(=O)C1=CC=CC=C1C(=O)N(CC2=CC=CC=C2)C3=CC=CC=C3,Active,,,,20,4.7,=
108,251969553,4788876,CC1=CC=C(C=C1)NC2=NC(=NC(=N2)N)CNC(C3=NC4=CC=CC=C4N3)C(C)C,Active,,,,50,4.3,=
109,251969554,4848130,C1CCN(C1)S(=O)(=O)C2=CC=C(C=C2)NC(=O)C3=CC=C(S3)[N+](=O)[O-],Inactive,,,,100,4,&lt;
110,251969555,6456792,CC1=CC(=NN1C2=NC(=NC(=N2)NC(C)(C)C)NC(C)C)C,Inactive,,,,100,4,&lt;
111,251969556,72087117,CC1=CC=C(O1)C2=CSC(=N2)NC(=O)C=CC3=CC=C(C=C3)S(=O)(=O)N4CCOCC4,Active,,,,20,4.7,=
112,251969557,7995960,C1=CC(=CC(=C1)Cl)C(=O)NC2=NC3=C(O2)C=CC(=C3)Cl,Inactive,,,,100,4,&lt;
113,251969558,16254594,C1CSC(CN1C(=O)C2=CC=C(C=C2)F)C(=O)NCC3=CC=C(C=C3)Cl,Active,,,,13,4.9,=
114,251969559,16303809,CCOC1=C(C=C(C=C1)NC2=C(C=C(C=C2)S(=O)(=O)N3CCN(CC3)C)[N+](=O)[O-])OCC,Active,,,,32,4.5,=
115,251969560,4048169,C1=CC(=CC(=C1)Cl)NC(=O)NC2=C(C=C(C=C2)[N+](=O)[O-])Cl,Active,,,,5,5.3,=
116,251969561,91800560,C1=CC=C(C=C1)CC(CN)NC(=O)C2=CN=C(S2)C3=CNC4=C3C=CC=N4.C(=O)(C(F)(F)F)O.C(=O)(C(F)(F)F)O,Active,,,,1,6,=
117,251969562,91800562,CC1=C(C=C(C=C1)C(=O)N)C2=C(C=CC(=C2)NC(=O)C3=CC(=NC=C3)N4CCCC4)C.C(=O)(C(F)(F)F)O.C(=O)(C(F)(F)F)O,Active,,,,4,5.4,=
118,251969563,24731107,C1CN(CCC1N(CC2=CN=CC=C2)C(=O)C3=CC(=C(C=C3F)F)F)CC4=CC(=CC=C4)C#N,Active,,,,0.05,7.3,=
119,251969564,24731613,C1CN(CCC1C2=NC(=NO2)C3=CN=C(C=C3)C(F)(F)F)CC4=CC(=CC=C4)C#N,Inactive,,,,100,4,&lt;
120,251969565,136665722,CC1=NC(=NN1)C2=C(C3=C(C=CC=N3)C(=N2)NCC4=CC=C(C=C4)Cl)O,Active,,,,16,4.8,=
121,251969566,91800565,CC(=O)NC1=CC=C(C=C1)C2=CC(=C(N=C2)N)C3=NC4=C(N3)C=C(C=C4)F,Active,,,,63,4.2,=
122,251969567,91800566,COC1=CC=C(C=C1)C2=NC3=C(C=NC=C3)C(=O)N2CCOC4=CC=CC=C4,Active,,,,0.04,7.4,=
123,251969568,91800567,CC1=C(C=C(C=C1)NC(=O)C2=CC(=NC=C2)N3CCCC3)C4=C(SC=C4)C(=O)N.C(=O)(C(F)(F)F)O.C(=O)(C(F)(F)F)O,Active,,,,1.3,5.9,=
124,251969569,91800569,CC1=C(SC(=N1)C2=CC3=C(C=C2)OCO3)C(=O)NCC4=CC5=C(C=C4)OCO5,Active,,,,5,5.3,=
125,251969570,91800570,CC1=NC(=CC=C1)N2CCCN(CC2)CC3=CNC4=CC=CC=C43,Inactive,,,,100,4,&lt;
126,251969571,22422620,C1=CC(=CC(=C1)Cl)NC(=O)CCCN2C=NC(=N2)[N+](=O)[O-],Active,,,,50,4.3,=
127,251969572,135572736,CC1=C(C(N2C(=C(C=N2)C(=O)NC3=CC=CC=C3)N1)C4=CC=NC=C4)C(=O)NC5=CC=C(C=C5)Cl,Active,,,,0.13,6.9,=
128,251969573,6458192,CC1=CC(=NN1C2=NC(=NC(=N2)NC(C)(C)C)N3CCOCC3)C,Inactive,,,,100,4,&lt;
129,251969574,22511578,CN1C2=C(C=CC(=C2)NC(=O)NCC3=CC=CO3)SC4=CC=CC=C4C1=O,Active,,,,32,4.5,=
130,251969575,24661244,C1=CC=C(C(=C1)C2=CC=C(O2)C(=O)NCCC3=CN=CC=C3)F,Active,,,,0.063,7.2,=
131,251969576,22551046,CC1=CC2=C(C=C1)OCC3=C2ON=C3C(=O)N4CCCCC4C5=CN=CC=C5,Active,,,,0.1,7,=
132,251969577,91800571,CC(=O)NC1=CC=C(C=C1)C2=NC(=NC=C2)NC3=CC=CC(=C3)C#N,Active,,,,25,4.6,=
133,251969578,20935102,CC1=NOC(=C1)C2=CC(=C(C=C2)OC)S(=O)(=O)NC3=CC(=C(C=C3)F)Cl,Inactive,,,,100,4,&lt;
134,251969579,45106866,CC1=C(C=C(C=C1)C2=NNC(=C2)C)S(=O)(=O)NC3=CC(=C(C=C3)OC)OC,Active,,,,40,4.4,=
135,251969580,3242830,CC(C)CCNC(=O)C1=CNC2=C(C1=O)C=C(C=C2)S(=O)(=O)NC3=CC(=CC=C3)OC,Active,,,,6.3,5.2,=
136,251969581,50792315,CC1=C(C=C(C=C1)C2=NNC(=C2)C)S(=O)(=O)NC3=CC(=CC(=C3)C)C,Active,,,,7.9,5.1,=
137,251969582,16347912,C1COCCN1S(=O)(=O)C2=CC=CC(=C2)CSC3=NN=C(O3)C4=CC5=C(C=C4)OCO5,Active,,,,13,4.9,=
138,251969583,16299345,C1CC(N(C1)C(=O)C2=CC=C(C=C2)NC(=O)C3=CC=CO3)C4=CC5=C(C=C4)OCCCO5,Active,,,,63,4.2,=
139,251969584,9263630,C1=CC=C2C(=C1)N=CN2CCCNC(=O)C3=CC=C(C=C3)NC(=O)C4=CC=CO4,Active,,,,16,4.8,=
140,251969585,16283353,CC1CN(CC(O1)C)S(=O)(=O)C2=CC=C(C=C2)NC(=O)C3=CC(=NC4=C3C=NN4C(C)C)C5CC5,Inactive,,,,100,4,&lt;
141,251969586,9461261,CCN(CC1=CC=CS1)C(=O)CSC2=NN=C(O2)C3=CC4=C(C=C3)OCO4,Active,,,,7.9,5.1,=
142,251969587,9451854,C=CCN(CC1=CC=CS1)C(=O)CSC2=NN=C(O2)C3=CC4=C(C=C3)OCO4,Active,,,,7.9,5.1,=
143,251969588,46546339,C1=CC=C(C=C1)C2=NC(=CS2)C(=O)NCCC3=CN=CC=C3,Active,,,,0.063,7.2,=
144,251969589,91800572,C1COCCN1CCC2=CC(=CC=C2)NC3=NC=C(C(=N3)NC4=CC=CC=C4C(=O)N)C#N.Cl,Active,,,,10,5,=
145,251969590,1570196,CC1=NC(=NC=C1)NS(=O)(=O)C2=CC=C(C=C2)NC(=O)C3=CC=C(S3)[N+](=O)[O-],Active,,,,63,4.2,=
146,251969591,15999472,CCOC1=CC=C(C=C1)N(C)S(=O)(=O)C2=CC3=C(C=C2)NC=C(C3=O)C(=O)NC4CCCC4,Active,,,,6.3,5.2,=
147,251969592,1246703,CC1=CC(=C(C=C1)C)C2=C(SC(=N2)NC(=O)C)C,Inactive,,,,100,4,&lt;
148,251969593,16442707,CCC(=O)N1C=NC2=C1SC(=NN2C(=O)CC)C3=CC4=C(CCCC4)C=C3,Inactive,,,,100,4,&lt;
149,251969594,4907283,C1=CC=C(C=C1)OCCOC2=CC=CC(=C2)C=CC3=NC(=C(C(=O)N3)[N+](=O)[O-])O,Inactive,,,,100,4,&lt;
150,251969595,91800574,CC1=C(C=CC(=C1)NC(=O)C2CC2)OC3CCN(CC3)CC4=CC=CO4.C(=O)(C(F)(F)F)O,Active,,,,63,4.2,=
151,251969596,91800576,C1COCCN1C2=NC(=NC(=C2)C3=CC=CC=N3)NC4=CC=CC=C4,Inactive,,,,100,4,&lt;
152,251969597,91800577,CCNC1=NC(=NC(=C1)C2=CC=CC=N2)NC3=CC=CC=C3,Inactive,,,,100,4,&lt;
153,251969598,91800578,CCNC1=NC(=NC(=C1)C2=CC=CC=N2)NC3=CC=C(C=C3)OC,Active,,,,40,4.4,=
154,251969599,91800579,C1CCN(C(C1)CO)C2=NC(=NC(=C2)C3=CC=CC=N3)NC4=CC=CC=C4,Active,,,,79,4.1,=
155,251969600,91800580,CC1=CC=C(C=C1)NC2=NC(=CC(=N2)N3CCCC(C3)O)C4=CC=CC=N4,Active,,,,25,4.6,=
156,251969601,91800581,COC1=CC=C(C=C1)NC2=NC(=CC(=N2)N3CCCC(C3)O)C4=CC=CC=N4,Active,,,,50,4.3,=
157,251969602,91800582,CC1=NN(C(=C1C2=CC=CC=C2)N)C3=NC(=NC(=N3)N)C4=CC=CC=N4.C(=O)(C(F)(F)F)O.C(=O)(C(F)(F)F)O,Inactive,,,,100,4,&lt;
158,251969603,91800584,C1=CC=C(C=C1)C2=NN(C(=C2)N)C3=NC(=NC(=N3)N)C4=CC=CC=N4.C(=O)(C(F)(F)F)O.C(=O)(C(F)(F)F)O.C(=O)(C(F)(F)F)O.C(=O)(C(F)(F)F)O.C(=O)(C(F)(F)F)O.C(=O)(C(F)(F)F)O.C(=O)(C(F)(F)F)O.C(=O)(C(F)(F)F)O,Inactive,,,,100,4,&lt;
159,251969604,7522069,C1=COC(=C1)C(=O)NCCC2=CSC(=N2)C3=CC=C(C=C3)F,Inactive,,,,100,4,&lt;
160,251969605,7522128,CC(C)(C)C(=O)NCCC1=CSC(=N1)C2=CC=C(C=C2)F,Active,,,,79,4.1,=
161,251969606,91800586,CN1C(=CC=N1)C2=C(N=CC(=C2)OC(CN)C3=CC=CC=C3)C4=CC=CO4.C(=O)(C(F)(F)F)O.C(=O)(C(F)(F)F)O,Active,,,,0.063,7.2,=
162,251969607,24732060,C1CN(CCC1N(CC2=CN=CC=C2)C(=O)CC3=CC=C(C=C3)F)CCC4=CC=CS4,Active,,,,0.025,7.6,=
163,251969608,26844617,CN1C2=NC=C(C(=C2C(=O)N(C1=O)C)SCC3=C(C=CC=C3Cl)F)COC,Active,,,,25,4.6,=
164,251969609,16833194,CS(=O)(=O)C1=CC=C(C=C1)CC(=O)NC2=NC(=CS2)C3=CC=C(S3)Cl,Inactive,,,,100,4,&lt;
165,251969610,16804343,CNC(=O)C1CC2=CC=CC=C2N1C(=O)COC3=CC=CC(=C3)OC,Active,,,,100,4,=
166,251969611,18587976,CCOC1=CC=C(C=C1)OCC(=O)N2C(CC3=CC=CC=C32)C(=O)NC,Inactive,,,,100,4,&lt;
167,251969612,18587977,CNC(=O)C1CC2=CC=CC=C2N1C(=O)CC3=CC=CC=C3,Inactive,,,,100,4,&lt;
168,251969613,16804344,CNC(=O)C1CC2=CC=CC=C2N1C(=O)CC3=CC=C(C=C3)OC,Inactive,,,,100,4,&lt;
169,251969614,18587978,CCOC1=CC=C(C=C1)CC(=O)N2C(CC3=CC=CC=C32)C(=O)NC,Inactive,,,,100,4,&lt;
170,251969615,18587979,CNC(=O)C1CC2=CC=CC=C2N1C(=O)CC3=CC=C(C=C3)F,Inactive,,,,100,4,&lt;
171,251969616,7531645,C1CCN(CC1)C(=O)CSC2=NN=C3N2N=C(C=C3)C4=CC=C(C=C4)F,Inactive,,,,100,4,&lt;
172,251969617,24896805,CN(CC1=CC2=CC=CC=C2S1)C3=NC=C4C(=NC(=NC4=N3)N)N,Inactive,,,,100,4,&lt;
173,251969618,7518402,CC(C)(C)CC(=O)NCCC1=CSC(=N1)C2=CC=C(C=C2)F,Active,,,,20,4.7,=
174,251969619,91800588,C1=CC2=C(NC=C2C3=CC=C(S3)C(=O)NC(CO)C4=CC=C(C=C4)F)N=C1.C(=O)(C(F)(F)F)O,Active,,,,1.3,5.9,=
175,251969620,17585906,C1CCN(C(C1)C2=CN=CC=C2)CCOC3=C(C=C(C=C3)Cl)Cl,Active,,,,0.063,7.2,=
176,251969621,10957152,C1=CC=C(C=C1)C2=CC(=NC(=N2)N)C3=NC4=C(N3)C=CC=N4,Inactive,,,,100,4,&lt;
177,251969622,16264266,CN(C)S(=O)(=O)C1=CC=CC(=C1)CSC2=NN=C(O2)C3=CC4=C(C=C3)OCO4,Active,,,,13,4.9,=
178,251969623,91800590,C1CN(C[C@@H]1NC(=O)NC2=CC=CC=C2OC3=CC=CC=C3)C#N,Inactive,,,,100,4,&lt;
179,251969624,4783607,CCC1=CC2=C(C=C1)N=C(S2)NC(=O)C3=NC=CC(=C3)N4CCOCC4,Inactive,,,,100,4,&lt;
180,251969625,91800591,C1CN(C[C@H]1N)C(=O)C2=CN=CC3=C2N(C(=N3)C4=NON=C4N)CC5CC5.Cl.Cl,Active,,,,13,4.9,=
181,251969626,91800593,C1=CC(=CC=C1C2=NC(=NO2)NCCNC(=O)C3=CC=C(C=C3)Cl)[N+](=O)[O-],Inactive,,,,100,4,&lt;
182,251969627,91800594,CN1C=CN=C1CN2CCC3=C(C2C4=CC=CC=C4OCC5=CC=CC=C5)N=CN3,Active,,,,7.9,5.1,=
183,251969628,91800595,CN1CCC(CC1)N(C)C2=NC=CC(=N2)N3CCN(CC3)C(=O)C4=CC=CC(=C4)C5=CN=CC=C5,Active,,,,1.6,5.8,=
184,251969629,91800596,CCN(C)CC1=CN=C(C=C1)N2CCC(CC2)NS(=O)(=O)C3=CC4=C(C=C3)OCC4,Inactive,,,,100,4,&lt;
185,251969630,91800597,CC(C)C1=C(N=C(S1)Cl)C(=O)NCCC2=NC(=CS2)C(=O)NC3=CC4=C(C=C3)OCO4,Active,,,,7.9,5.1,=
186,251969631,91800598,CC1=CC(=NC(=N1)NC2=CC=C(C=C2)S(=O)(=O)N3CCOCC3)N4CCC5=CC=CC=C5C4.Cl,Inactive,,,,100,4,&lt;
187,251969632,91800600,CN(CC1=CN=CC=C1)CC2=CN=C(C=C2)N3CCN(CC3)C(=O)C4(CC4)C5=CC=C(C=C5)Cl,Active,,,,0.16,6.8,=
188,251969633,91800601,CC(C)NS(=O)(=O)C1=CC(=C(C=C1)OC)NC2=NC=C(C=N2)C3=CC(=CC=C3)F,Inactive,,,,100,4,&lt;
189,251969634,91800602,C1CN(CCC1NS(=O)(=O)C2=CC=CC(=C2)C#N)C3=NC(=NC=C3)NC4=CC=CC(=C4)C#N.C(=O)(C(F)(F)F)O,Active,,,,7.9,5.1,=
190,251969635,9349769,CCC(CC)C(=O)NC1=CC=C(C=C1)C2=NN=C(O2)C3=CC=C(C=C3)OC,Active,,,,13,4.9,=
191,251969636,867917,CC1=C(C2=NC3=C(CCCC3)C(=O)N2N1)C4=CC=C(C=C4)Cl,Inactive,,,,100,4,&lt;
192,251969637,2986164,CCCCN(C1=CC=CC=C1)C(=O)C2=CC=C(C=C2)NC(=O)C(C)C,Active,,,,13,4.9,=
193,251969638,53024400,C1=CC=C(C(=C1)CCNC(=O)C2=CC=CN2C3=CN=CC=C3)Cl,Active,,,,0.079,7.1,=
194,251969639,91800604,C1=CC=C(C=C1)[C@@H](CO)NC(=O)C2=CC=C(S2)C3=CNC4=NC=CC(=C34)C(F)(F)F,Active,,,,6.3,5.2,=
195,251969640,16342696,C1CN(CCN1C2=CC=C(C=C2)O)C(=O)CCC3=CC=C(O3)C4=CC=CC=C4,Active,,,,2.5,5.6,=
196,251969641,16362611,COC1=C(C=C(C=C1)S(=O)(=O)NC2=CC=CC=C2OC)NC(=O)CCCC3=CNC4=CC=CC=C43,Inactive,,,,100,4,&lt;
197,251969642,91800605,COC1=CC2=C(C=CC(=O)N2CCN3CCC(CC3)NC(=O)CC4=CC(=C(C=C4)Cl)Cl)N=C1,Active,,,,0.79,6.1,=
198,251969643,72069427,CC1=C(C(=NN1C2CCS(=O)(=O)C2)C)CN(C)C(=O)C=CC3=C(C4=CC=CC=C4S3)Cl,Active,,,,0.032,7.5,=
199,251969644,17553677,C1CCCN(CC1)S(=O)(=O)C2=CC(=C(C=C2)Cl)NC(=O)CN3CCN(CC3)C4=CC=CC=N4,Active,,,,3.2,5.5,=
200,251969645,91800606,CC(C)COC(=O)NC1=CC(=C(C=C1)N2CCC(CC2)CNS(=O)(=O)C3=CC=CC=C3)F,Active,,,,2,5.7,=
201,251969646,4787481,CN1C2=CC=CC=C2N=C1CC(=O)NNC(=O)C3=NC4=CC=CC=C4C=C3,Active,,,,32,4.5,=
202,251969647,7809218,COC1=C(C2=C(C=C1)C(=C(S2)C(=O)N3CCC3)Cl)Cl,Inactive,,,,100,4,&lt;
203,251969648,9332668,C1=CC=C(C=C1)C2=CC=C(C=C2)C(=O)NNC(=O)C3=CC=CC=N3,Active,,,,32,4.5,=
204,251969649,8006867,COC1=CC=C(C=C1)C(=O)NC2=CC=C(C=C2)NC(=O)CO,Inactive,,,,100,4,&lt;
205,251969650,2660568,CN(C)S(=O)(=O)C1=CC(=C(C=C1)Cl)C(=O)NC2=NC(=CS2)C3=CC=CC=N3,Active,,,,32,4.5,=
206,251969651,16350816,CC1=NC(=NN1C2=CC=C(C=C2)Cl)C(=O)NC3=CC4=C(C=C3)OCO4,Active,,,,32,4.5,=
207,251969652,16351001,CC1=C(N=CC=C1)NC(=O)C2=CC(=CC=C2)OCC3=C(ON=C3C)C,Active,,,,50,4.3,=
208,251969653,16352600,CC1=NC(=NN1C2=CC=C(C=C2)F)C(=O)NC3=CC4=C(C=C3)OCO4,Active,,,,40,4.4,=
209,251969654,16368206,CN1C=CN=C1C(C2=CC(=CC(=C2)OC)OC)NS(=O)(=O)C3=CC(=C(C=C3)Cl)C(F)(F)F,Active,,,,32,4.5,=
210,251969655,16369528,CC1=CC(=C(C=C1)C)CN2C(=O)C3(CCC4=CC=CC=C43)NC2=O,Active,,,,40,4.4,=
211,251969656,17285143,CCN(CC)C1=CC=C(C2=NON=C12)S(=O)(=O)N(CC)CC,Active,,,,25,4.6,=
212,251969657,24732128,CC1=CC(=NC(=N1)N2CCC(CC2)N(CC3=CN=CC=C3)C(=O)C4=CC=CC(=C4)C#N)C,Active,,,,0.13,6.9,=
213,251969658,135731907,CCN(CC)S(=O)(=O)C1=CC=C(C=C1)C(=O)NC2=CC(=NN2C3=NC(=C(C(=O)N3)C)C)C,Inactive,,,,100,4,&lt;
214,251969659,91800607,CC1=C(C(=O)C2=C(C=CC(=C2N1)OC)OC)CC3=CC=CC=C3,Inactive,,,,100,4,&lt;
215,251969660,6472907,CC(C)(C)C1=CC(=C(C=C1)OC)S(=O)(=O)N2C=CN=C2,Active,,,,0.0079,8.1,=
216,251969661,91800608,CN1C2=C(C=CN=C2)N=C1CN3CCN(CC3)C4=C(C=C(C=N4)C(F)(F)F)Cl,Active,,,,0.079,7.1,=
217,251969662,35528126,CCCN1C2=CC=CC=C2N=C1NC(=O)CCN3C=C(C=N3)Br,Active,,,,10,5,=
218,251969663,41543786,CCN1C2=CC=CC=C2N=C1NC(=O)CC3=CC=C(C=C3)F,Active,,,,25,4.6,=
219,251969664,40604547,CCCN1C2=CC=CC=C2N=C1NC(=O)CC3=CC=C(C=C3)Cl,Inactive,,,,100,4,&lt;
220,251969665,91800609,C1COCCN1CC2=CC(=CC=C2)NC3=NC=CC(=N3)C4=CC(=C(C=C4)NCCN)C#N,Active,,,,32,4.5,=
221,251969666,91800610,CN(C)CC1=CC(=CC=C1)NC2=NC=CC(=N2)C3=CC(=C(C=C3)NCCN)C#N,Active,,,,6.3,5.2,=
222,251969667,4491688,C1COCCN1S(=O)(=O)C2=CC=C(C=C2)C3=CSC(=N3)NC(=O)C4=CC=C(C=C4)[N+](=O)[O-],Inactive,,,,100,4,&lt;
223,251969668,17131327,C1=CC(=CN=C1)C(=O)CC2(C3=C(C=CC(=C3)Br)N(C2=O)CC4=CC=CS4)O,Active,,,,13,4.9,=
224,251969669,5297263,CC1=CC2=C(C=C1)SC(=N2)NC(=O)CN3C=NC(=N3)[N+](=O)[O-],Inactive,,,,100,4,&lt;
225,251969670,91800611,COC1=CC2=C(C=CC(=O)N2CCN3CCC(CC3)NC/C=C/C4=C(C=CC(=C4)F)F)N=C1,Active,,,,16,4.8,=
226,251969671,976807,CCC(=O)NC1=CC=C(C=C1)C(=O)NC2=CC=CC=C2C3=CC=CC=C3,Inactive,,,,100,4,&lt;
227,251969672,91800612,CC1=CC2=C(C=C1C)N(C(=O)C(=C2)CNC3=CC4=C(C=C3)OCO4)CCO,Active,,,,10,5,=
228,251969673,91800613,CCN(CC)S(=O)(=O)C1=CC=C(C=C1)CN2C3=CC=CC=C3C(=N2)C(=O)NC4=NC=NC=C4,Active,,,,0.16,6.8,=
229,251969674,16422017,CC1=C(C2=NC3=C(CCCC3)C(=O)N2N1)C4=CC=C(C=C4)Br,Inactive,,,,100,4,&lt;
230,251969675,91800614,COC1=C(C=C(C=C1)C(=O)NC2CCN(CC2)CCN3C(=O)C=CC4=C3C=C(C=N4)F)Cl,Active,,,,16,4.8,=
231,251969676,91800615,CC1=C(N=CC=C1)CN2CCN(CC2)CCCOC3=CC=C(C=C3)C4=CC=C(C=C4)C(=O)N,Inactive,,,,100,4,&lt;
232,251969677,17445816,C1CCN(C1)C2=NC=C(C=C2)C3=NC4=CC=CC=C4N3,Inactive,,,,100,4,&lt;
233,251969678,17424558,CC(C(=O)NC1=CC=CC=C1F)N(C)CC(=O)NC2=CC=CC3=CC=CC=C32,Active,,,,16,4.8,=
234,251969680,91800616,CC(C1=CC=C(C=C1)OC2=CC=C(C=C2)OC)N(C)C3=NC=C4C(=NC(=NC4=N3)N)N,Active,,,,1.6,5.8,=
235,251969681,91800617,CC(C1=CC2=C(CCCC2)C=C1)N(C)C3=NC=C4C(=NC(=NC4=N3)N)N,Active,,,,25,4.6,=
236,251969682,91800618,CC(C1=CC(=CC(=C1)Cl)Cl)N(C)C2=NC=C3C(=NC(=NC3=N2)N)N,Active,,,,40,4.4,=
237,251969683,91800619,CC(C1=CC(=C(C=C1)OC)F)N(C)C2=NC=C3C(=NC(=NC3=N2)N)N,Inactive,,,,100,4,&lt;
238,251969685,91800621,C1CN(CCN(C1)C(=O)CC2=CC(=C(C=C2)F)F)C3=CC=CC=C3C(=O)NCC4=CC=NC=C4.C(=O)(C(F)(F)F)O.C(=O)(C(F)(F)F)O,Active,,,,0.079,7.1,=
239,251969686,91800623,C1CN(CCC1NCC2=CC3=CC=CC=C3O2)C[C@@H]4CN5C(=O)C=CC6=C5C4=C(C=C6)F.C(=O)(C(F)(F)F)O,Active,,,,32,4.5,=
240,251969687,91800625,CS(=O)(=O)NC1CCC(CC1)OC2=C(C=C3C=CN=CC3=C2)C4=CSC=C4.C(=O)(C(F)(F)F)O,Active,,,,0.025,7.6,=
241,251969688,91800627,COC1=C2C(=CNC2=NC=C1)C3=CC(=CO3)C(=O)N[C@H](CO)C4=CC=CC=C4,Active,,,,0.79,6.1,=
242,251969689,46963604,CC1=C2C(=CC=C1)C(=C(O2)C(=O)NCCCCN3C=CN=C3)C,Active,,,,0.1,7,=
243,251969690,46964069,CN1C(=CN=C1NC(=O)C2=CC(=NN2)C3=CC=CC=N3)C4=CC=C(C=C4)OC,Active,,,,16,4.8,=
244,251969691,91800628,CCCC1=CC(=NN1)C(=O)NC2=NC=C(N2C)C3=CC(=CC=C3)Br,Active,,,,25,4.6,=
245,251969692,16668166,CC1=NN2C(=C1C3=CC=CS3)N=C4CCCC4=C2NCCCO,Active,,,,25,4.6,=
246,251969693,3651915,CC1=NC2=C(C=C1)C=CC(=C2O)C(C3=CN=CC=C3)NC4=CC=CC=N4,Active,,,,0.05,7.3,=
247,251969694,91800629,COC1=CC=CC=C1C=CCN2C[C@H]3CCC[C@@H](C2)C3(C4=CN=CC=C4)O,Active,,,,0.13,6.9,=
248,251969695,3161744,COC1=CC(=C(C=C1)C(=O)NC2=C(C=CC(=C2)C(F)(F)F)N3CCOCC3)OC,Inactive,,,,100,4,&lt;
249,251969696,91800630,C1CC(CN(C1)CC2=CNC3=CC=CC=C32)C4=NC5=NC=NN5C(=C4)C(F)(F)F.[C@@H]([C@H](C(=O)O)O)(C(=O)O)O,Active,,,,32,4.5,=
250,251969697,91800632,CC(C)S(=O)(=O)C1=CC=C(C=C1)C2=CN=C(C3=C2C=CC(=C3)C4=NC(=NC=C4)N)N,Active,,,,16,4.8,=
251,251969698,17562262,CC1=CC=C(C=C1)CC(=O)NC2=CC(=C(C=C2)N3CCOCC3)S(=O)(=O)NC4=CC=C(C=C4)OC,Inactive,,,,100,4,&lt;
252,251969699,91800633,C1CCC(CC1)NC2=NC3=C(C=CN3)C(=N2)NC4=CC=CC=C4C(=O)N,Inactive,,,,100,4,&lt;
253,251969700,17481571,CCCCN1C(=NN=N1)CSC2=C(C(=CC(=N2)C)C)C#N,Active,,,,50,4.3,=
254,251969701,17481332,CC1=NC2=NC=NN2C(=C1)OC3=CC(=C(C=C3Cl)Cl)Cl,Inactive,,,,100,4,&lt;
255,251969702,91800634,C1=CC=C(C=C1)CCNC(=O)[C@H](CC2=CN=CN2)NC(=O)CSC3=CC=C(C=C3)F.C(=O)(C(F)(F)F)O,Active,,,,0.079,7.1,=
256,251969703,91800636,C1CCC(C1)NC(=O)C2=CC3=C(NN=C3S2)NC(=O)CC4=CC=CC=C4,Active,,,,32,4.5,=
257,251969704,8050315,CCOC1=C(C(=O)N(N=C1)C)NC2=CC=C(C=C2)C(=O)NCC3=CC=C(C=C3)F,Active,,,,4,5.4,=
258,251969705,91800637,COC1=CC2=C(C=CC(=O)N2CCN3CCC(CC3)NC(=O)C4=CC=C(C=C4)Cl)N=C1,Active,,,,10,5,=
259,251969706,91800638,CN(CC1=NN=NN1C2CCN(CC2)CC3=CC=C(C=C3)N4C=CN=C4)C5=C(C=C(C=C5)F)F,Active,,,,0.13,6.9,=
260,251969707,91800639,CN(CC1=CC=CC=C1)CC2=NN=NN2C3CCN(CC3)CC4=CC=C(C=C4)N5C=CN=C5,Active,,,,0.05,7.3,=
261,251969708,91800640,CCN1C2=C(C(=NC=C2O[C@H](CN)C3=CC=CC=C3)[C@@H](C)O)N=C1C4=NON=C4N.C(=O)(C(F)(F)F)O,Active,,,,25,4.6,=
262,251969709,91800642,C1=CC=C(C=C1)N2C(C(C2=O)NC(=O)C3=CC=C(S3)Cl)C4=CN=CC=C4,Active,,,,0.2,6.7,=
263,251969710,91800643,CCN1C(=CC=N1)CN(C)C(=O)C=CC2=CC=C(C=C2)Cl,Active,,,,0.32,6.5,=
264,251969711,135823431,CC1=NN(C2=C1C(SCC(=O)N2)C3=CC=C(C=C3)OCC(=O)N)C4=NC5=CC=CC=C5S4,Inactive,,,,100,4,&lt;
265,251969712,135823451,CC1=NN(C2=C1C(SCC(=O)N2)C3=CC(=C(C(=C3)OC)O)OC)C4=NC5=CC=CC=C5S4,Active,,,,5,5.3,=
266,251969713,135594840,CC1=C2C(SCC(=O)NC2=NN1)C3=CC=C(C=C3)OCC4=CC=CC=C4F,Inactive,,,,100,4,&lt;
267,251969714,16017463,C1CN(CC2=CC=CC=C21)C(CNC(=O)C(=O)NC3=CC(=CC=C3)Cl)C4=CN=CC=C4,Active,,,,0.063,7.2,=
268,251969715,4229344,CC1CCCC(C1C)NC(=O)C2=CNC3=C(C2=O)C=C(C=C3)S(=O)(=O)NC4=CC=CC=C4C,Active,,,,5,5.3,=
269,251969716,20931368,CCCN(CC1=CC(=C(C=C1)OC)OC)CC2=CC(=O)C3=C(C=C(C=C3N2)C)C,Inactive,,,,100,4,&lt;
270,251969717,50808595,CCC1C(=O)NC2=C(O1)C=C(C(=C2)C)S(=O)(=O)N(C)CC(=O)N3CCC4=CC=CC=C4C3,Active,,,,0.79,6.1,=
271,251969718,42318852,CC1=C2C=C(C=CC2=NC(=N1)N3CCC(CC3)C(=O)N4CCC(CC4)(C5=CN=CC=C5)O)C(C)C,Active,,,,0.13,6.9,=
272,251969719,45189282,CN(CC1=CC=C(C=C1)F)C2=NN=C(C=C2)OCC(=O)N3CCCCC3C4=CN=CC=C4,Active,,,,0.05,7.3,=
273,251969720,26340855,COCCN1C=NC2=CC(=CC(=C21)C(=O)N3CCC4=C(C3)C=CS4)NC(=O)C5CCCCC5,Active,,,,50,4.3,=
274,251969721,24793936,CC(C)(C)C(CN1C=CN=C1)NC(=O)C2=CC3=C(C=C2)N=C(O3)C4CC4,Active,,,,0.1,7,=
275,251969722,6456615,CCC(=O)NC1=CC=CC=C1C(=O)NC2=CC=CC=N2,Inactive,,,,100,4,&lt;
276,251969723,2976156,CC1=C(C=C(C=C1)NC(=O)C(C)N2C(=C(C(=N2)[N+](=O)[O-])Br)C)Cl,Inactive,,,,100,4,&lt;
277,251969724,59367474,COC1=C(C=C(C=N1)C2=CC3=C(C=CN=C3C=C2)C4=CC=NC=C4)NS(=O)(=O)C5CC5,Active,,,,7.9,5.1,=
278,251969725,91800644,CC1CN(CC(O1)C)C2=NC(=C(S2)C(=O)NC3=CC4=C(C=C3)OCO4)C,Active,,,,40,4.4,=
279,251969726,91800645,C1CN([C@@H]1C(=O)N)C2=NC(=CC(=N2)NC3=NNC(=C3)C4CC4)CC5=CC(=CC=C5)C#N,Active,,,,50,4.3,=
280,251969727,39854197,CC1=C(C(=NN1COC2=CC=CC(=C2)C(F)(F)F)C)NC(=O)C3=CC=C(C=C3)OC,Active,,,,13,4.9,=
281,251969728,16117156,CC1=CC2=C(S1)C(=NC(=N2)N3CC[C@H]3C(=O)N)NC4=NNC(=C4)C5CC5,Inactive,,,,100,4,&lt;
282,251969729,20935079,CC1=C(C=C(C=C1)NS(=O)(=O)C2=C(C=CC(=C2)C3=CC(=NO3)C)OC)C,Active,,,,16,4.8,=
283,251969730,20959010,CC1=CC(=C(C=C1)NS(=O)(=O)C2=C(C=CC(=C2)C3=CN=C(O3)C)OC)C,Active,,,,25,4.6,=
284,251969731,91800646,C1CCC(CC1)N2C3=C(C=NC=C3CNCCC4=CC=CC=C4)N=C2C5=NC=CN=C5,Active,,,,0.1,7,=
285,251969732,91800647,CC1=NC(=NC(=N1)N2CCC3=C2C=CC(=C3)C(=O)NCC4=C(C=C(C=C4)C5=CC=NN5)Cl)NC.C(=O)(C(F)(F)F)O,Active,,,,5,5.3,=
286,251969733,91800649,C1COCCN1C(=O)C2=CC(=CC=C2)NC3=NC=C(C=N3)C4=CC5=C(C=C4)OCO5,Active,,,,20,4.7,=
287,251969734,91800650,C1CN(CC(=O)N1)C(=O)C2=CC(=CC=C2)NC3=NC=C(C=N3)C4=CC5=C(C=C4)OCO5,Active,,,,25,4.6,=
288,251969735,16267216,C1=CC=C2C(=C1)NC(=N2)NC(=O)C3=CC4=C(C=C3)N=CN4,Active,,,,5,5.3,=
289,251969736,91800651,CC1=NC(=NC(=N1)N2CCC3=C2C=CC(=C3)C(=O)NCC4=C(C=C(C=C4)C5=NC=CN5C)Cl)NC.C(=O)(C(F)(F)F)O,Active,,,,1.6,5.8,=
290,251969737,57545852,COC1=C(C=C(C=N1)C2=CC3=C(C=C2)N=CN=C3N4CCOCC4)NS(=O)(=O)C,Active,,,,40,4.4,=
291,251969738,16379879,COC1=C(C=C(C=C1)CNC2=NSC3=CC=CC=C32)OC,Active,,,,13,4.9,=
292,251969739,72060238,CN(CC1=NC2=CC=CC=C2S1)C(=O)C=CC3=CC4=CC=CC=C4O3,Active,,,,0.16,6.8,=
293,251969740,91800653,CC1CN(CCN1C2=CC=C(C=C2)NC(=O)C3=CC=CC=C3F)CC4=CC=C(C=C4)C#N.C(=O)(C(F)(F)F)O.C(=O)(C(F)(F)F)O,Active,,,,32,4.5,=
294,251969741,59859961,COC1=C(C=C(C=N1)C2=CC3=C(C=CN=C3C=C2)C4=CC=NC=C4)NS(=O)(=O)C,Active,,,,79,4.1,=
295,251969742,91800655,CCCCC1=CC(=NC(=N1)N2CCC2C(=O)N)NC3=NNC(=C3)C4CCC4,Inactive,,,,100,4,&lt;
296,251969743,91800656,C1=CC=C(C=C1)CNC(=O)COC2=NN(C3=C2C=CC=N3)C4=CC=CC=C4,Active,,,,6.3,5.2,=
297,251969744,91800657,CC(=O)NCCNC1=NC=CC(=C1)C2=NC(=NC=C2)NC3=CC(=CC=C3)Cl.C(=O)(C(F)(F)F)O,Active,,,,5,5.3,=
298,251969745,91800658,CC(C)N1C2=C(C=CC=C2OCCN3CCCC3)N=C1C4=NON=C4N,Active,,,,40,4.4,=
299,251969746,91800659,CC1=C(SC=N1)CNC2=CC(=C(N=C2)C3=CC4=C(C=C3)OCCO4)C5=CN(N=C5)C,Active,,,,7.9,5.1,=
300,251969747,91800660,CC1=C(C=CC=C1F)CN2CCCC(C2)CC3=NC(=NO3)C4=CC=C(C=C4)NC(=O)C,Inactive,,,,100,4,&lt;
301,251969748,91800661,CC1=CC(=NC(=N1)N2CCCC2)NC3=NNC(=C3)C4CC4,Inactive,,,,100,4,&lt;
302,251969749,91800662,CC1=CC(=NC(=N1)N2CCC[C@H]2C(=O)N)NC3=NNC(=C3)C4CC4,Inactive,,,,100,4,&lt;
303,251969750,91800663,CS(=O)(=O)N1CCC(CC1)NC2=NC=C(C(=N2)NC3=C(C(=CC=C3)F)C(=O)N)Br,Inactive,,,,100,4,&lt;
304,251969751,91800664,C1CC(CCC1NC2=NC=C(C(=N2)NC3=C(C=C(C=C3)F)C(=O)N)Br)O,Active,,,,10,5,=
305,251969752,91800665,C1CSCN1C(=O)C2=CC(=CC=C2)NC3=NC=C(C=N3)C4=CC5=C(C=C4)OCO5,Active,,,,16,4.8,=
306,251969753,91800666,C1CC(CCC1NC2=NC=C(C(=N2)NC3=C(C=C(C=C3)F)C(=O)N)Cl)O,Active,,,,32,4.5,=
307,251969754,91800667,COC1=CC(=C(C=C1)NC2=NC(=NC=C2Br)NC3CCC(CC3)O)C(=O)N,Active,,,,13,4.9,=
308,251969755,44463888,COC1=CC(=C(C=C1)OC)S(=O)(=O)N(CC2=C(C=CC=C2F)F)[C@@H]3CCN(C3)C#N,Inactive,,,,100,4,&lt;
309,251969756,91800668,C1CN(CCC12CCN(C2=O)C3=CC=CC=C3)S(=O)(=O)C4=CC=C(C=C4)C#N,Inactive,,,,100,4,&lt;
310,251969757,91800669,CC1=CC(=CC=C1)NS(=O)(=O)C2=CN=C3N(C2=O)C=C(S3)C,Inactive,,,,100,4,&lt;
311,251969758,91800670,COC1=NC2=C(C=C1)N=CC(=O)N2CCN3CC[C@@H]([C@@H](C3)O)NCC4=NC=C(C5=C4C=NN5)Cl,Inactive,,,,100,4,&lt;
312,251969759,91800671,C1CC(CCC1NC2=NC=C(C(=N2)NC3=C(N=CC=C3)C(=O)N)Br)O,Inactive,,,,100,4,&lt;
313,251969760,91800672,CCC1=CC(=CS1)C(=O)NC2=NC=CN2C3=CC=CC=C3,Inactive,,,,100,4,&lt;
314,251969761,91800673,COC1=C(C=CC(=C1)NC(=O)NC2=CC=CC(=C2)CNC(=O)OC3CCCCC3)C4=CN=CO4,Active,,,,25,4.6,=
315,251969762,91800674,CC(C)C1=CC(=NN1)NC2=NC(=NC(=C2)CC3=CC=CC=C3)NC4CCC(CC4)O,Active,,,,20,4.7,=
316,251969763,91800675,CS(=O)(=O)NC1CCC(CC1)NC2=NC=C(C(=N2)NC3=CC=CC=C3C(=O)N)Br,Inactive,,,,100,4,&lt;
317,251969764,91800676,CC(C)NC1=NC=CC(=N1)C2=C(N=CN2C3CCOCC3)C4=CC=C(C=C4)F,Inactive,,,,100,4,&lt;
318,251969765,91800677,C1CC(CCC1NC2=NC=C(C(=N2)NC3=CC=CC4=C3C(=O)NC4)Br)O,Inactive,,,,100,4,&lt;
319,251969766,91800678,C1CN(CCC1N2C3=C(NC2=O)N=CC=C3)C(=O)C4(CC4)C(=O)N5CCC6=CC=CC=C6CC5.C(=O)(C(F)(F)F)O,Active,,,,0.32,6.5,=
320,251969767,91800680,C1CNCCC1OC2=CC=CC3=CN=C(N=C32)NC4=CC=C(C=C4)S(=O)(=O)N.Cl,Inactive,,,,100,4,&lt;
321,251969768,91800681,COC1=NC2=C(C=C1)N=CC(=O)N2CCN3CCC(CC3)NCC4=CC=C(C=C4)C5=CC=CS5,Active,,,,25,4.6,=
322,251969769,91800682,COC1=NC2=C(C=C1)N=CC(=O)N2CCN3CCOC(C3)CNCC4=C(C=C(C=C4)C(F)(F)F)F,Active,,,,10,5,=
323,251969770,91800683,CS(=O)(=O)C1=CC=CC(=C1)CNC(=O)C2=CC(=CN=C2)N3CCN(CC3)C4=CC=C(C=C4)F.C(=O)(C(F)(F)F)O.C(=O)(C(F)(F)F)O.C(=O)(C(F)(F)F)O,Active,,,,13,4.9,=
324,251969771,91800685,C1CC(CCC1NC2=NC=C(C(=N2)NC3=C4C(=O)NCCN4C=C3)Cl)O,Inactive,,,,100,4,&lt;
325,251969772,91800686,C1CC(CCC1NC2=NC=CC(=N2)C3=C(N=C(S3)C4CCOCC4)C5=CC(=C(C=C5)F)F)O,Inactive,,,,100,4,&lt;
326,251969773,91800687,C1CC1CN2C(=O)C(=C(C=N2)C3=CC=C(C=C3)NCC4=CC(=CC=C4)C#N)C#N,Active,,,,6.3,5.2,=
327,251969774,91800688,C1CN(CCC1N2C3=CC=CC=C3OC2=O)CC4=CC=CC=C4C5=CN=CC=C5.C(=O)(C(F)(F)F)O,Active,,,,0.1,7,=
328,251969775,91800690,CC(C)C[C@@H](C(=O)NC1(CC1)C#N)NC(=O)C2=CC(=CC(=C2)OC)OC,Inactive,,,,100,4,&lt;
329,251969776,91800691,CC1=C(C=C(C=C1)S(=O)(=O)C)NC2=NC=CC(=N2)C3=C(N=C(S3)N)C4=CC=CC=C4,Inactive,,,,100,4,&lt;
330,251969777,91800692,C1C[C@H](CNC1)NC2=CN=C(C(=N2)NC3=CC(=CC=C3)Cl)C(=O)N.Cl,Inactive,,,,100,4,&lt;
331,251969778,91800694,CC(C)C[C@@H](C(=O)NC1(CC1)C#N)NC(=O)C2=CC=C(O2)C3=CC=CC=C3,Inactive,,,,100,4,&lt;
332,251969779,4962898,CCOC(=O)C1=NOC(=C1C2=CC=CC=C2)N,Inactive,,,,100,4,&lt;
333,251969780,91800695,CC(C)C[C@@H](C(=O)NC1(CC1)C#N)NC(=O)C2=CSC(=N2)C3=CC=CS3,Inactive,,,,100,4,&lt;
334,251969781,91800696,CN(C)S(=O)(=O)C1=CC=C(C=C1)C2=CC(=C(N=C2)N)C3=NC4=C(N3)C=C(C=C4)F,Active,,,,40,4.4,=
335,251969782,91800697,C1COCCN1C2=NC=NC3=C2C=C(C=C3)C4=CC(=C(N=C4)N)N,Active,,,,79,4.1,=
336,251969783,36526319,C1=CC=C(C=C1)OCC2=CC=CC=C2C(=O)NC3=CC(=C(C=C3)Cl)C(=O)N,Active,,,,79,4.1,=
337,251969784,39354723,CC(=O)NC1=CC=CC(=C1)NC2=NC=NC3=C2NC=N3,Inactive,,,,100,4,&lt;
338,251969785,58235780,CC1=NN(C(=C1)NC2=NC=C(C(=N2)NC3=CC=CC=C3S(=O)(=O)NC)Cl)C,Active,,,,25,4.6,=
339,251969786,58235733,CNS(=O)(=O)C1=CC=CC=C1NC2=NC(=NC=C2Cl)NC3=CC=NN3C,Active,,,,32,4.5,=
340,251969787,73349574,CC1=CN=C(S1)NC2=NC(=NC(=C2)CC3=CC=CC=C3)NC4CCC(CC4)O,Inactive,,,,100,4,&lt;
341,251969788,91800698,CC1=C(C=C(C=C1)CNC2CCN(CC2)C[C@@H]3CN4C(=O)C=CC5=C4N3C(=O)C=C5)F,Inactive,,,,100,4,&lt;
342,251969789,91800699,CC1=NN(C(=C1C2=CC(=CC=C2)OC)N)C3=NC(=NC(=N3)N)C4=CC=CC=N4,Inactive,,,,100,4,&lt;
343,251969790,91800700,CC1=C(SC2=NC=NN12)C(C)NC(=O)NC3=CC(=CC=C3)Cl,Active,,,,0.13,6.9,=
344,251969791,91800701,CC(C)C1=NN(C(=C1C2CCCCC2)N)C3=NC(=NC(=N3)N)C4=CC=CC=N4,Active,,,,3.2,5.5,=
345,251969792,22174870,CC1=C(C(=NN1C2=NC(=NC(=N2)N)C3=CC=CC=N3)C)CC4=CC=CC=C4,Active,,,,63,4.2,=
346,251969793,89912752,CN(C)C1=NC=C(C=C1)C2=CC3=NC=CN=C3C(=N2)OC[C@H]4CCCNC4.Cl,Inactive,,,,100,4,&lt;
347,251969794,91800702,C1CN(C2=NC(=CC(=O)N21)C3=CC=NC=C3)C(=O)C4=C(C(=CC=C4)Cl)Cl,Active,,,,0.063,7.2,=
348,251969795,91800703,CS(=O)(=O)C1=CC=CC(=C1)C2=CN=C(C3=C2SC=C3C4=CC=C(C=C4)CO)N.C(=O)(C(F)(F)F)O,Active,,,,3.2,5.5,=
349,251969796,91800705,C1CN(CCN1C2=CC(=C(C=C2)Cl)Cl)C(C3=CNN=C3)C(=O)NCCC4=CC=CC=N4,Active,,,,0.13,6.9,=
350,251969797,17361260,CC1=C(C=CO1)C(=O)NC2=CC=CC=C2C(=O)NC3=NC=CS3,Inactive,,,,100,4,&lt;
351,251969798,136665724,COC1=NC=C(C=C1)C2=CN3C(=NN=C3C4=CC(=C(C=C4)O)OC)C=C2,Inactive,,,,100,4,&lt;
352,251969799,91800707,COC1=C(C=CC(=C1)C2=C(SC(=N2)N3CCOCC3)C4=NC(=NC=C4)NC5CCOCC5)Cl.C(=O)(C(F)(F)F)O,Inactive,,,,100,4,&lt;
353,251969800,46980382,CN(C)C1=NC=C(C=N1)C2=CN=CN2CCOC3=CC=C(C=C3)Cl,Active,,,,0.05,7.3,=
354,251969801,46980420,CCC(C1=CC=C(C=C1)F)N2C=NC=C2C3=CN(N=C3)C,Active,,,,0.079,7.1,=
355,251969802,3778536,C1CC1C(=O)NC2=NC=C(S2)[N+](=O)[O-],Inactive,,,,100,4,&lt;
356,251969803,17430032,CC1=C(SC2=NC(=NC(=C12)N)CN(C)CC3=CC(=CC=C3)OC)C,Inactive,,,,100,4,&lt;
357,251969804,17563309,CC(C)NC1=NC(=NC2=CC=CC=C21)Cl,Inactive,,,,100,4,&lt;
358,251969805,28313095,CC1=C(N=CC=C1)CN(C)CC2=NC3=C(N2)C=C(C(=C3)C)C,Active,,,,79,4.1,=
359,251969806,74454046,CC(=CC1=CC=CC=C1)CN2CCC(=O)N(CC2)CC3=CN=CC=C3,Active,,,,0.1,7,=
360,251969807,91800709,C1CN(C[C@@H]2[C@H]1CN(C2)C3=CC=CC=C3F)C4=CN=CC=C4.C(=O)(C(F)(F)F)O,Active,,,,0.063,7.2,=
361,251969808,72052082,CC(CN1C=CN=C1)NC(=O)C=CC2=CC=C(C=C2)Cl,Active,,,,0.16,6.8,=
362,251969809,50754731,CC(C)(C)CC(=O)NCC1=NOC(=N1)COC2=CC=CC=C2,Active,,,,50,4.3,=
363,251969810,30849722,C1CCN(CC1)C(=O)CN2C=NC3=C(C2=O)SC=C3C4=CC=CC=C4,Active,,,,40,4.4,=
364,251969811,42668108,CN1CCN(CC1)C2=NC3=NN(C(=C3C(=N2)C4=CC=C(C=C4)Cl)N)C,Inactive,,,,100,4,&lt;
365,251969812,17468087,CN(C)C1=NC(=NC(=N1)N)CN(C)CCOC2=CC=C(C=C2)Cl,Active,,,,32,4.5,=
366,251969813,45880976,CC1=CC(=O)N2C(=N1)SC(=N2)OC3=C(C=C(C=C3)C#N)Cl,Inactive,,,,100,4,&lt;
367,251969814,135656012,CC1=NN(C2=C1C(CC(=O)N2)C3=CC=C(C=C3)O)C4=NC5=CC=CC=C5N4,Active,,,,25,4.6,=
368,251969815,45830746,CC1=CC(=C(C=C1)OC)C2=CSC(=N2)NC(=O)C(C)N3C=CN=C3,Active,,,,0.04,7.4,=
369,251969816,18145988,C1CN(CCN1C2=NC=CN=C2)C(=O)C3=CC(=C(C=C3)O)Cl,Inactive,,,,100,4,&lt;
370,251969817,91800711,CC(C)N1CCCN(CC1)C(=O)C2CCN(CC2)C3=CC(=CC=C3)OC(C)C.Cl,Inactive,,,,100,4,&lt;
371,251969818,91800712,CCN(CC1=CC=C(C=C1)NC(=O)C2=CC(=NN2)C3=CC=C(C=C3)F)CC4=CC=NC=C4,Active,,,,0.079,7.1,=
372,251969819,91800713,COC1=CC=CC(=C1)CCNC(=O)C(C2=CNN=C2)N3CCN(CC3)C4=CC=C(C=C4)Cl,Active,,,,0.063,7.2,=
373,251969820,49791485,C1=CC=C(C=C1)OC2=NC=NC(=C2)NC3=NC(=CS3)CN,Active,,,,0.32,6.5,=
374,251969821,44054720,C1C2C(CS1(=O)=O)N(C(=O)CN2CC3=CC=CO3)C4=CC=C(C=C4)Cl,Inactive,,,,100,4,&lt;
375,251969822,43967617,COC1=CC2=C(C=C1)N=C(S2)N(CC3=CN=CC=C3)C(=O)C4CCC4,Active,,,,0.063,7.2,=
376,251969823,45210235,CC1=NC(=NC=C1C(C)NC(=O)C2=CC=C(S2)Cl)C3=CC=NC=C3,Active,,,,0.79,6.1,=
377,251969824,91800714,CC(C)C1=NOC(=C1)C(=O)N2CCCC(C2)C3=CC4=C(N3)C=CC=N4,Active,,,,50,4.3,=
378,251969825,46953715,C1=CC(=CN=C1)CN(CC2=CC=CO2)CC3=C(NN=C3)C4=CC=CS4,Active,,,,0.079,7.1,=
379,251969826,25461161,C[C@@H]1C=CC[C@H](N1C(=O)CCC2=NN=C(O2)C3=CC4=C(C=C3)OCO4)CC=C,Active,,,,40,4.4,=
380,251969827,52095445,CN1C2=C(CS(=O)(=O)CC2)C(=N1)C(=O)N3CCC4=CC=CC=C43,Inactive,,,,100,4,&lt;
381,251969828,91800715,CCC1=NN(C(=C1C2CCCCC2)N)C3=NC=C(C(=N3)NC(C)C)F,Inactive,,,,100,4,&lt;
382,251969829,91800716,C[C@H](C1=CC=CC=C1Cl)OC2=C(SC(=C2)N3C=NC4=C3C=CC(=C4)N)C(=O)N,Active,,,,3.2,5.5,=
383,251969830,45859670,C1CCC2=NN=C(N2CC1)CNC(=O)C3=CSC(=N3)C4=CC=CC=C4,Inactive,,,,100,4,&lt;
384,251969831,45859661,C1CCC2=NN=C(N2CC1)CNC(=O)C3=CC=C(O3)C4=CC=C(C=C4)F,Active,,,,79,4.1,=
385,251969832,91800717,CC1=C(N2C=CC=C(C2=N1)C3=NNC(=N3)C4=CC=CC=C4N)C,Active,,,,3.2,5.5,=
386,251969833,91800718,CC1=C(N2C=CC=C(C2=N1)C3=NC(=NN3)C4=CC=C(C=C4)N)C,Inactive,,,,100,4,&lt;
387,251969834,91800719,C1CNCCC1N2C=NC(=C2C3=NC(=NC=C3)N[C@H](CO)C4=CC=CC=C4)C5=CC=C(C=C5)F,Active,,,,25,4.6,=
388,251969835,52233294,C1CCN(C1)C2=NC=C3C(=N2)CN(C3=O)C4=CC5=C(C=C4)OCO5,Inactive,,,,100,4,&lt;
389,251969836,91800720,CC1=CC2=C(C=C1)ON=C2NC3=NC(=NC=C3)NC4=CC(=CC=C4)S(=O)(=O)C.C(=O)(C(F)(F)F)O,Active,,,,40,4.4,=
390,251969837,91800722,CN1C2=NC=NC(=C2C(=N1)C3=CC=C(C=C3)NC(=O)CC4=CC=CC=C4Cl)N,Active,,,,63,4.2,=
391,251969838,91800723,CC1=CC(=NN1)NC2=C(C(=C(C=C2)C#N)Cl)C,Active,,,,40,4.4,=
392,251969839,91800724,CC1=C(C=CC(=C1Cl)C#N)NC2=NNC(=C2)C3CC3.C(=O)(C(F)(F)F)O,Active,,,,20,4.7,=
393,251969840,91800726,C1C(CC1OC2=CC(=C(C=C2)F)C(F)(F)F)NCC3=CC=CC4=C3NN=C4,Active,,,,0.13,6.9,=
394,251969841,42897097,CCOC(=O)C1=C(NN=C1)S(=O)(=O)N2CCC2C3=CC=CC=C3,Active,,,,50,4.3,=
395,251969842,4961962,COC1=C(C=CC(=C1)C2=NOC(=N2)CC#N)OC(F)F,Active,,,,100,4,=
396,251969843,71224766,CS(=O)(=O)C1=CC(=C(C=C1)NC2=NC=CC(=N2)NC3=NNC4=C3C=C(C=C4)F)F,Active,,,,40,4.4,=
397,251969844,91800727,CC1=C(N2C=C(C=C(C2=N1)C3=NC=NN3)NC(=O)CC4=CC=CC=C4)C.C(=O)O,Active,,,,10,5,=
398,251969845,91800729,CC1=C(NN=C1NC2=C3C=CNC3=NC=C2)C,Active,,,,79,4.1,=
399,251969846,1482789,C1=CN=CC=C1C2=NC=C(S2)C3=CC=NN3,Active,,,,0.04,7.4,=
400,251969847,91800730,CC1=C(ON=C1C)NC2=NC(=NC=C2)NC3=CC(=CC(=C3)S(=O)(=O)C4CCOCC4)OC,Active,,,,7.9,5.1,=
401,251969848,91800731,CNC1=C(C(=NN1CC(F)(F)F)C2=CC3=C(C=C2)SC=N3)C(=O)N.C(=O)(C(F)(F)F)O,Inactive,,,,100,4,&lt;
402,251969849,91800733,CC1=CC2=C(C=C1)C(=CO2)CC(=O)N3CCCC3C4=CN=CC(=N4)NC,Active,,,,0.025,7.6,=
403,251969850,91800734,CNC1=NC(=CN=C1)C2CCCN2C(=O)CC3=CC4=CC=CC=C4C=C3,Active,,,,0.1,7,=
404,251969851,53090232,C1CCC(CC1)C(=O)NCCC2=NC(=NN2)C3=CC(=C(C=C3)F)F,Active,,,,25,4.6,=
405,251969852,53191909,COC1=CC=C(C=C1)CN2CCCCC2C3=NC(=NO3)C4=CN=CC=C4,Active,,,,0.2,6.7,=
406,251969853,47092747,C1CCC(CC1)C(=O)NCCC2=NN(C=C2)C3=CC=CC=C3,Active,,,,100,4,=
407,251969854,136253213,CC(C)(C)C(=O)NC1=CC(=NN1C2=NC3=C(CCCC3)C(=O)N2)C4CC4,Inactive,,,,100,4,&lt;
408,251969855,136253212,CC(C)CC(=O)NC1=CC(=NN1C2=NC3=C(CCCC3)C(=O)N2)C4CC4,Inactive,,,,100,4,&lt;
409,251969856,135551798,CC1=NN(C(=C1)NC(=O)C2CCCCC2)C3=NC4=C(CCC4)C(=O)N3,Inactive,,,,100,4,&lt;
410,251969857,135551800,CC1=NN(C(=C1)NC(=O)CC2CCCCC2)C3=NC4=C(CCC4)C(=O)N3,Inactive,,,,100,4,&lt;
411,251969858,47057788,CC1=CC2=C(CC(S2)C(=O)NC3=NNC(=N3)C4=CC=CC=N4)C=C1,Inactive,,,,100,4,&lt;
412,251969859,53185332,COC1=NC(=C(C=C1)C(=O)N2CCC(C2)NC3=CN=CC=C3)OC,Active,,,,0.063,7.2,=
413,251969860,46985016,CN1C(=CC=N1)NC(=O)CN2C=CC(=N2)C3=CC=NC=C3,Active,,,,6.3,5.2,=
414,251969861,52110174,C1=CC=C2C(=C1)C(=NC(=N2)NC3=CC=NC=C3)NCCCO,Inactive,,,,100,4,&lt;
415,251969862,46989849,CC1=NN(C(=C1CN(CC2=CN=CC=C2)CC3=CSC=C3)Cl)C,Active,,,,0.063,7.2,=
416,251969863,91800735,CC1=C(NN=C1)C2CCCN(C2)CC3=NC4=CC=CC=C4N3C,Active,,,,1.3,5.9,=
417,251969864,51087075,CC(CN1C=CN=C1)NC(=O)COC2=CC(=C(C=C2)Cl)Cl,Active,,,,0.063,7.2,=
418,251969865,51081291,COC1=C(C=C(C=C1)Cl)CC(=O)NC2=NNC(=N2)C3=CC=CC=N3,Inactive,,,,100,4,&lt;
419,251969866,56819082,CC1=CC(=C(C=C1)C)OC2CCN(CC2)C(=O)C(C)N3C=CN=C3,Active,,,,0.1,7,=
420,251969867,51087352,C1CC2=C(C1)C=C(C=C2)CC(=O)NC3=NNC(=N3)C4=CC=CC=N4,Active,,,,2.5,5.6,=
421,251969868,53469078,CN(C1=NC(=NC=C1)NC2=CC(=C(C=C2)OC)S(=O)(=O)C)C3=NNC4=C3C=CC=C4F,Active,,,,32,4.5,=
422,251969869,91800736,CC(C)(C)C1=CC=C(C=C1)NC2(CCN(CC2)CC3=CC=CC=C3)C(=O)N,Active,,,,5,5.3,=
423,251969870,91800737,CN1C=CN=C1C2=NC(=CC(=N2)NCC3=CC=CC=C3OC)C4CC4.C(=O)(C(F)(F)F)O,Active,,,,20,4.7,=
424,251969871,91800739,CN1C=CN=C1C2=NC(=CC(=N2)NCC3=CC=C(C=C3)OC)C4CC4.C(=O)(C(F)(F)F)O,Active,,,,5,5.3,=
425,251969872,91800741,CC1=CC=CC=C1CNC2=NC(=NC(=C2)C3CC3)C4=NC=CN4C.C(=O)(C(F)(F)F)O,Active,,,,16,4.8,=
426,251969873,91800743,CN1C=CN=C1C2=NC(=CC(=N2)NCC3=CC=CC=C3Cl)C4CC4.C(=O)(C(F)(F)F)O,Active,,,,40,4.4,=
427,251969874,136085432,C1=CC=C(C=C1)CC2=NC(=NN2)C3=C(C=CC=N3)O,Inactive,,,,100,4,&lt;
428,251969875,12120620,CC1=C(C(=O)C2=CC=CC=C2N1)CC3=C(NC4=CC=CC=C4C3=O)C,Inactive,,,,100,4,&lt;
429,251969876,91800746,C1C(C1C(=O)NC2=NNC(=N2)C3=CC=CC=N3)C4=CC=CC=C4,Inactive,,,,100,4,&lt;
430,251969877,53601791,C1CC(CN(C1)C(=O)C2=NN(N=C2)C3=CC=CC=C3)N4C=CN=C4,Active,,,,0.079,7.1,=
431,251969878,4151270,CCOC1=CC=C(C=C1)NC(=O)C2=CC=C(C=C2)NC(=O)NC3CCCCC3,Inactive,,,,100,4,&lt;
432,251969879,91800747,CC1=CC(=CC(=N1)C2CN(CCO2)C(=O)C3=NNC4=CC=CC=C43)NC,Inactive,,,,100,4,&lt;
433,251969880,53619100,CC1=CC=CC=C1OCC(=O)N2CCCN(CC2)C3=NN=CC=C3,Active,,,,0.079,7.1,=
434,251969881,91800748,COC1=CC=C(C=C1)S(=O)(=O)NC2=CC=C(C=C2)CN3CCN(CC3)C(=O)C4=CC=CC(=C4)C#N.C(=O)(C(F)(F)F)O,Inactive,,,,100,4,&lt;
435,251969882,91800750,CC1=CC=C(C=C1)S(=O)(=O)NC2=CC=C(C=C2)CN3CCN(CC3)C(=O)C4=CC=CC(=C4)C#N.C(=O)(C(F)(F)F)O,Inactive,,,,100,4,&lt;
436,251969883,53624176,CC1=NC=CN1C2CCCN(C2)C(=O)C3=CC4=C(C=CC=C4S3)F,Active,,,,50,4.3,=
437,251969884,91800752,CC1=CC=C(C=C1)S(=O)(=O)NC2=CC=C(C=C2)CN3CCN(CC3)C(=O)C4=CC=CC(=C4)C.C(=O)(C(F)(F)F)O,Active,,,,79,4.1,=
438,251969885,91800754,CC1=CC2=CN=CN2C(=N1)C3CCCCN3C(=O)C4=CC=CS4,Active,,,,0.1,7,=
439,251969886,91800755,CC1=CN=C(C=C1)NC2=NC(=CS2)C3CCCN3CC4=CC=NN4,Active,,,,6.3,5.2,=
440,251969887,91800756,CN1C=NC=C1CN2CCC3(CC2)CC(OC3)CC4=CC=CC=C4,Active,,,,1,6,=
441,251969888,56710383,CC(C)N1C2=CC=CC=C2N=C1CN(C)C(C)C3=CC=CC=N3,Active,,,,32,4.5,=
442,251969889,53546923,CN(CC1=CC=C(C=C1)C(=O)N)C(C2=CC=C(C=C2)F)C3=CN=CC=C3,Active,,,,0.1,7,=
443,251969890,53610188,CC1CCCCN1C(=O)NCCC2=COC(=N2)C3=CC=C(C=C3)F,Inactive,,,,100,4,&lt;
444,251969891,56786818,CC(CN1C=CN=C1)NC(=O)C2CC2C3=C(C(=CC=C3)Cl)Cl,Active,,,,0.13,6.9,=
445,251969892,91800757,COC1=NC2=C(C(=CN=C2C=C1)F)NC(=O)C3(CCC(CC3)NCC4=CC5=C(C=C4)OCCO5)O.Cl,Active,,,,63,4.2,=
446,251969893,4667754,C1=CC=NC(=C1)C2=NC(=C(C(=N2)N)CC3=C(C=CC=C3Cl)F)N,Inactive,,,,100,4,&lt;
447,251969894,932595,C1CCC(C1)NC2=NC(=NC3=CC=CC=C32)C4=CC=CC=N4,Inactive,,,,100,4,&lt;
448,251969895,91800759,COC1=CC2=C(C(=CN=C2C(=C1)F)F)CCN3CC[C@@H]([C@H](C3)O)NCC4=CC5=C(C=N4)OCS5.Cl,Active,,,,32,4.5,=
449,251969896,2953176,C1CCC(CC1)C(=O)N2CCN(CC2)C3=NN=C(C4=CC=CC=C43)C5=CC=CC=C5,Inactive,,,,100,4,&lt;
450,251969897,91800761,CN(CC1=NC2=C(N1)C=C(C=C2)C(=O)NCC3CCCCC3)C4CCCC5=C4N=CC=C5.C(=O)(C(F)(F)F)O,Active,,,,40,4.4,=
451,251969898,91800762,COC1=NC2=C(C(=CN=C2C=C1)Cl)CCN3CC[C@H]([C@@H](C3)O)NCC4=CC5=C(C=N4)OCS5,Active,,,,1,6,=
452,251969899,91800763,COC1=NC2=C(C(=CN=C2C=C1)Cl)CCN3CC[C@@H]([C@H](C3)O)NCC4=CC5=C(C=N4)OCS5,Active,,,,7.9,5.1,=
453,251969900,91800764,C[C@H](C1=CC=CC=C1Cl)OC2=C(SC(=C2)N3C=NC4=C3C=C(C=C4)O[C@H]5CCNC5)C(=O)N,Active,,,,1.3,5.9,=
454,251969901,1230956,C1=CC=C(C=C1)CC(=O)NC2=CC=CC=C2C(=O)NC3=NC=CS3,Inactive,,,,100,4,&lt;
455,251969902,2330357,CC(C)(C)C1=CSC(=N1)NC(=O)C2=CC=C(S2)[N+](=O)[O-],Active,,,,7.9,5.1,=
456,251969903,91800765,CCN(CC1=NC2=C(N1)C=C(C=C2)C(=O)N3CCN(CC3)C4=NC=CC=N4)C5CCCC6=C5N=CC=C6,Active,,,,7.9,5.1,=
457,251969904,2083076,C1=CC2=C(C=C1[N+](=O)[O-])N=CN(C2=O)CC(=O)NCCC3=C(C=C(C=C3)Cl)Cl,Inactive,,,,100,4,&lt;
458,251969905,91800766,C1=CC(=C(C=C1[N+](=O)[O-])Cl)N2C=CC(=O)C3=C2C=CC(=C3)F,Active,,,,16,4.8,=
459,251969906,702344,C1=CC(=CC=C1C2=CSC(=N2)NC(=O)C3=CC=C(S3)[N+](=O)[O-])F,Active,,,,50,4.3,=
460,251969907,2318971,COC1=CC=C(C=C1)C2=CSC(=N2)NC(=O)C3=CC=C(S3)[N+](=O)[O-],Inactive,,,,100,4,&lt;
461,251969908,2052841,COC1=CC=CC=C1N2C(=O)C3=C(CCS3)N=C2SCC(=O)NC4=CC5=C(C=C4)OCO5,Active,,,,63,4.2,=
462,251969909,91800767,CN(CC1=NC2=C(C=CC=C2N1)C(=O)N3CCN(CC3)CC4=CC=CC=C4)C5CCCC6=C5N=CC=C6.C(=O)(C(F)(F)F)O,Active,,,,40,4.4,=
463,251969910,2936872,C1=CC=C(C=C1)OCC(=O)NC2=CC=CC=C2C(=O)NC3=NC=CS3,Inactive,,,,100,4,&lt;
464,251969911,91800768,CN(C1=CC=C(C=C1)C#N)C(=O)NC2=CC3=C(CCN(CC3)C4CCC4)C=C2.Cl,Inactive,,,,100,4,&lt;
465,251969912,91800769,COC1=NC2=C(C=CN=C2C=C1)[C@@H](CN3CC[C@@H]([C@H](C3)O)NC(=O)C4=CC=C(C=C4)Br)O,Active,,,,6.3,5.2,=
466,251969913,303233,COC1=C(C=C(C=C1)[N+](=O)[O-])NC(=O)NC2=CC(=CC=C2)Cl,Inactive,,,,100,4,&lt;
467,251969914,3751158,C1CCN(C(C1)C2=CN=CC=C2)C(=O)NC3=CC(=CC=C3)Cl,Active,,,,0.02,7.7,=
468,251969915,944369,CC1=CC(=C(C=C1)C)N2C(=NN=N2)SC3=NC(=NN3C)[N+](=O)[O-],Inactive,,,,100,4,&lt;
469,251969916,3177903,CCOC1=CC=CC=C1C(=O)NC2=NN=C(S2)C3=CC4=C(C=C3)OCO4,Inactive,,,,100,4,&lt;
470,251969917,1071157,COC1=CC=CC=C1C(=O)NC2=NN=C(S2)C3=CC4=C(C=C3)OCO4,Inactive,,,,100,4,&lt;
471,251969918,2927523,CC(C)CC(=O)NC(C1=C(C2=C(C=CC=N2)C=C1)O)C3=CC=CS3,Active,,,,50,4.3,=
472,251969919,2324567,COC1=C(C=C(C=C1)C2=CSC(=N2)NC(=O)C3=CC=C(S3)[N+](=O)[O-])OC,Inactive,,,,100,4,&lt;
473,251969920,91800770,CC(CNS(=O)(=O)C1=CC=C(C=C1)OC(F)F)C2=CC=C(C=C2)NC(=O)C3=CC=NC=C3,Active,,,,0.05,7.3,=
474,251969921,15992769,C1CN(CCN1CC(=O)NC2=CC=C(C=C2)OC3=CC=CC=C3)S(=O)(=O)C4=CC=CC(=C4)[N+](=O)[O-],Active,,,,2.5,5.6,=
475,251969922,91800771,CN1C=C(C=N1)CN2CCN(CC2)C3=CC4=C(CCN(CC4)C(=O)[C@H]5C[C@@H]5C6=CC=CC=C6)C=C3,Active,,,,16,4.8,=
476,251969923,91800772,COC1=NC2=C(C(=CN=C2C=C1)F)CCN3CC[C@H]([C@H](C3)O)NC(=O)C4=CC5=C(S4)CCC5.Cl,Active,,,,1.3,5.9,=
477,251969924,3768240,CC1=CC=C(C=C1)S(=O)(=O)CN2C(=NN=N2)C(C3=CN=CC=C3)N4CCN(CC4)C5=CC=CC=C5,Active,,,,0.2,6.7,=
478,251969925,16667796,CC(=O)NC1(CCN(CC1)CC(=O)NC2=CC=CC=C2C3=CC=CC=C3)C4=CC=CC=C4,Active,,,,50,4.3,=
479,251969926,91800774,CC1=CC(=C(C=C1Br)[N+](=O)[O-])C#N,Active,,,,7.9,5.1,=
480,251969927,4079114,C1CN(CCN1C2=CC=C(C=C2)F)C(CNS(=O)(=O)C3=CC=CS3)C4=CN=CC=C4,Active,,,,0.04,7.4,=
481,251969928,91800775,C1CN(CCC1N2CC(OCC2=O)(C3=CC=CC=C3)C4=CC=CC=C4)CC5=CC=C(C=C5)N6C=CN=C6.C(=O)(C(F)(F)F)O.C(=O)(C(F)(F)F)O,Active,,,,0.079,7.1,=
482,251969929,91800777,CC(=O)NC1=CC=C(C=C1)CN2CCC(CC2)N3CC(OCC3=O)(C4=CC=CC=C4)C5=CC=CC=C5.C(=O)(C(F)(F)F)O,Inactive,,,,100,4,&lt;
483,251969930,3957951,CC(C(=O)NC1=CC=C(C=C1)Br)N2CCN(CC2)C3=CC=C(C=C3)[N+](=O)[O-],Active,,,,40,4.4,=
484,251969931,2563371,CC1=CC2=C(C=C1C)N(C=N2)C3=C(C=C(C=C3)[N+](=O)[O-])C#N,Inactive,,,,100,4,&lt;
485,251969932,69246980,CCC1=CC=CC=C1[C@@H](C)NC(=O)C2=CN=C3C(=C2NC4CCN(CC4)C(=O)N)C=NN3CC,Active,,,,79,4.1,=
486,251969933,91800779,C1=CC(=CC(=C1)N(CC(=O)NCC2=CC(=C(C=C2)F)F)S(=O)(=O)C3=CC=C(C=C3)Cl)C(F)(F)F,Active,,,,0.16,6.8,=
487,251969934,91800780,CN(CCO)CC1=CC=C(C=C1)C2=CC=C(C=C2)CNS(=O)(=O)C3=CC=C(C=C3)OC.C(=O)(C(F)(F)F)O,Active,,,,16,4.8,=
488,251969935,91800782,CCCN1CCN(CC1)CC2=CC=C(C=C2)S(=O)(=O)NC3=CC=CC(=C3)C.C(=O)(C(F)(F)F)O.C(=O)(C(F)(F)F)O,Inactive,,,,100,4,&lt;
489,251969936,5310495,CN(CC1CCCO1)S(=O)(=O)C2=CC=C(C=C2)C(=O)NC3=NC(=CS3)C4=CC=CC=N4,Active,,,,7.9,5.1,=
490,251969937,20900506,C1=CC=NC(=C1)C2=NN=C(C=C2)SCC(=O)NC3=CC=C(C=C3)Cl,Inactive,,,,100,4,&lt;
491,251969938,16032441,CC1=CC2=C(C=C1)N=C(S2)N(CC3=CN=CC=C3)C(=O)CCC4=CC=CC=C4,Active,,,,0.063,7.2,=
492,251969939,2999234,C1=CC=C2C(=C1)NC(=N2)NC3=CC=CC=N3,Inactive,,,,100,4,&lt;
493,251969940,24733734,C1CN(CCC1OC2=CC=CC(=C2)C3=CN=CC=C3)C(=O)NC4=CC(=CC=C4)F,Active,,,,0.16,6.8,=
494,251969941,1447956,CC1=C(C2=NC3=C(CCCC3)C(=O)N2N1)C4=CC=C(C=C4)F,Inactive,,,,100,4,&lt;
495,251969942,972841,COC1=CC(=C(C=C1)NC2=NC(=CS2)C3=CC=CC=N3)OC,Active,,,,20,4.7,=
496,251969943,972317,CC1=NC(=CC=C1)NC2=NC(=CS2)C3=CC=CC=N3,Active,,,,20,4.7,=
497,251969944,91800784,C1=CC=C(C(=C1)CO)C2=CC(=CN=C2)NC3=CC(=CC=C3)[N+](=O)[O-],Active,,,,3.2,5.5,=
498,251969945,91800785,COC(=O)C1=CC=C(C=C1)C2=CN=C3N2N=C(C=C3)NCC4=CC=CC=N4,Active,,,,1.3,5.9,=
499,251969946,91800786,C1CN(CCC1C(=O)NC(C2=CC=C(C=C2)Cl)C3=NC=CN=C3)C(=O)NC4=CC=CC(=C4)C(F)(F)F,Active,,,,0.13,6.9,=
500,251969947,91800787,C1=CC=C2C(=C1)C(=CN2)CCOC3=NC=CN=C3C4=CC=NC=C4,Active,,,,0.063,7.2,=
501,251969948,5204485,C1=CC(=CC(=C1)S(=O)(=O)NC2=CC=C(C=C2)Br)NC(=O)C3=CC=C(S3)[N+](=O)[O-],Active,,,,2.5,5.6,=
502,251969949,2121112,C1CCC(CC1)NC(=O)NC(=O)COC2=NC=NC3=C2C=CC(=C3)[N+](=O)[O-],Inactive,,,,100,4,&lt;
503,251969950,2120222,CCC1=C(C(=CC=C1)CC)N2C(=NN=C2SCC(=O)N3CC(=O)NC4=CC=CC=C43)C5=CN=CC=C5,Active,,,,3.2,5.5,=
504,251969951,3590608,COC1=CC=C(C=C1)C2C3CCCCC3(CCN2CC(=O)NC4=C(C=C(C=C4)Cl)Cl)O,Active,,,,10,5,=
505,251969952,3565909,C1CCC2(CCN(C(C2C1)C3=CC4=C(C=C3)OCO4)CC(=O)NC5=C(C=C(C=C5)Cl)Cl)O,Active,,,,13,4.9,=
506,251969953,3551106,CC(C)(C)NC1=NC(=NC2=CC=CC=C21)C3=CC=CC=N3,Inactive,,,,100,4,&lt;
507,251969954,16032033,C1=CC=C(C=C1)C2=NC(=CS2)CCNC(=O)C3=CC=CC=C3,Inactive,,,,100,4,&lt;
508,251969955,5078395,CC1CCCN(C1)S(=O)(=O)C2=CC=C(C=C2)C(=O)NC3=NC(=CS3)C4=CC=CC=N4,Active,,,,2.5,5.6,=
509,251969956,4232881,C1=CSC(=C1C(=O)N)NC(=O)C2=CC=C(S2)[N+](=O)[O-],Inactive,,,,100,4,&lt;
510,251969957,774013,COC1=CC(=C(C=C1)OC)NC(=O)C2=CC=C(O2)[N+](=O)[O-],Active,,,,10,5,=
511,251969958,91800788,COCCN1C(=CN=C1NCC2=CC=CC=C2OC)C3=CC4=C(C=C3)OCO4.C(=O)(C(=O)O)O,Active,,,,5,5.3,=
512,251969959,91800789,COCCN1C(=CN=C1NCC2=CC=CC=C2OC)C3=CC=CC=C3.C(=O)(C(=O)O)O,Active,,,,7.9,5.1,=
513,251969960,4867003,C1=CC=C(C(=C1)CN2C=C(C=N2)[N+](=O)[O-])C(=O)NC3=NC=CS3,Inactive,,,,100,4,&lt;
514,251969961,91800790,C1=CC=C(C=C1)CNC2=CC=CC3=C2C=NC=C3.Cl,Active,,,,0.1,7,=
515,251969962,4791406,CC1=C(C=C(C=C1)NC(=O)C2=CC=C(S2)[N+](=O)[O-])S(=O)(=O)N3CCOCC3,Active,,,,20,4.7,=
516,251969963,4878100,CCN(CC)S(=O)(=O)C1=CC(=C(C=C1)OC)NC(=O)C2=CC=C(S2)[N+](=O)[O-],Active,,,,32,4.5,=
517,251969964,2447838,C1=CC(=CC=C1CNC(=O)C2=CC=C(S2)[N+](=O)[O-])S(=O)(=O)N,Active,,,,40,4.4,=
518,251969965,3408039,CC1=CC=CC=C1NS(=O)(=O)C2=CC3=C(C=C2)NC=C(C3=O)C(=O)NC4CCCCC4,Active,,,,10,5,=
519,251969966,4229342,CC1=CC=CC=C1NS(=O)(=O)C2=CC3=C(C=C2)NC=C(C3=O)C(=O)NC4CCCC4,Active,,,,13,4.9,=
520,251969967,91800791,C[C@H](C1=CC=CC=C1C(F)(F)F)OC2=C(SC(=C2)N3C=NC4=C3C=C(C=C4)C(CO)O)C(=O)N,Active,,,,25,4.6,=
521,251969968,91800792,COC1=CC(=CC=C1)S(=O)(=O)NC2=CC3=C(CC(C3)N4CCC(CC4)NC(=O)C5CC5)C=C2,Active,,,,63,4.2,=
522,251969969,2660503,C1CCN(CC1)S(=O)(=O)C2=CC=C(C=C2)C(=O)NC3=NC(=CS3)C4=CC=CC=N4,Active,,,,6.3,5.2,=
523,251969970,91800793,C1CC1C(=O)NC2CCN(CC2)C3CC4=C(C3)C=C(C=C4)NS(=O)(=O)C5=CC(=CC(=C5)F)F,Active,,,,50,4.3,=
524,251969971,91800794,COC1=CC=CC(=C1)C(=O)[C@H]2C[C@@H]2CN(CC3=CC=CC=N3)CC4=CC=CC=N4,Active,,,,32,4.5,=
525,251969972,2968599,C1=CC=C(C=C1)CN2C3=C(C=C(C=C3)Br)C(C2=O)(CC(=O)C4=CN=CC=C4)O,Active,,,,4,5.4,=
526,251969973,1295839,C1OC2=C(O1)C=C(C=C2)NC(=O)NC3=CC(=C(C=C3)Br)Cl,Inactive,,,,100,4,&lt;
527,251969974,135414635,C1=CC=C2C(=C1)C(=O)NC(=N2)C3=CC=C(C=C3)NC(=O)C4=CC=CS4,Inactive,,,,100,4,&lt;
528,251969975,2923075,C1=CC(=C(C=C1Br)Cl)OCCCCN2C=CN=C2.C(=O)(C(=O)O)O,Active,,,,0.063,7.2,=
529,251969976,890720,C1COCCN1C(=O)OC2=CC=C(C=C2)C(=O)C3=CC=C(C=C3)Cl,Active,,,,40,4.4,=
530,251969977,1277908,CC(C)OC1=CC=C(C=C1)C(=O)NC2=CC(=C(C=C2)N3CCOCC3)Cl,Inactive,,,,100,4,&lt;
531,251969978,91800795,COC1=CC=CC(=C1)C(=O)[C@H]2C[C@@H]2CN(CC3=CN=CC=C3)CC4=CN=CC=C4,Active,,,,0.063,7.2,=
532,251969979,2999476,COC1=CC=C(C=C1)C2=NCC(S2)CSC3=NN=C(O3)C4=CC5=C(C=C4)OCO5,Active,,,,10,5,=
533,251969980,2547748,CCC1=C(C(=CC=C1)CC)N2C(=NN=C2SCC(=O)NC(=O)NCC3=CC=CO3)C4=CN=CC=C4,Active,,,,1,6,=
534,251969981,59821120,C[C@H](C1=CC=CC=C1Cl)OC2=C(SC(=C2)N3C=NC4=C3C=C(C=C4)CC(CO)O)C(=O)N,Active,,,,25,4.6,=
535,251969982,91800796,C1CN(CCC1C(=O)N2CCC(CC2)OC3=CC=CC=C3Cl)C(=O)C4=CC=CC=C4,Active,,,,20,4.7,=
536,251969983,91800797,C1CCC(CC1)N2CCN(CC2)CCOC3=CC=CC(=C3)C4=CC=C(C=C4)C(=O)N.Cl.Cl,Active,,,,40,4.4,=
537,251969984,18576679,CCCC(=O)N(CC1=CC=CC=N1)C2=NC3=CC=CC=C3S2,Active,,,,0.05,7.3,=
538,251969985,91800798,CCCC1=CC(=NC(=C1)N)C2=NC(=CC(=C2)CCC)N,Inactive,,,,100,4,&lt;
539,251969986,91800799,C1CN=C(C=C(N1)C2=CC=C(C=C2)[N+](=O)[O-])C3=CC=CC=C3.OCl(=O)(=O)=O,Active,,,,50,4.3,=
540,251969987,91800801,C1COCCN1C2=C(C=NC=C2)SC3=CC=C(C=C3)Cl,Active,,,,0.032,7.5,=
541,251969988,91800802,CCOC1=CC(=C2C(=C1)C=CC=N2)NCCCN3CCN(CC3)C.Cl.Cl.Cl,Inactive,,,,100,4,&lt;
542,251969989,91800804,C1CC(=O)N(C1)C2=CC(=C(C=C2)SC3=CC=CC=C3CO)C#N,Active,,,,20,4.7,=
543,251969990,91800805,C1CN=C(N1)N2CCN(CC2)CC3=CC(=C(C=C3)Cl)Cl.I.I,Inactive,,,,100,4,&lt;
544,251969991,91800807,CCCC1=NC2=NC(=NC(=C2C=C1CC)N)N,Inactive,,,,100,4,&lt;
545,251969992,91800808,CC1=CC(=NC2=NC(=NC(=C12)N)N)C3=CC=CC4=CC=CC=C43,Inactive,,,,100,4,&lt;
546,251969993,91800809,C1=CC(=CC(=C1)Cl)OC2=CC=CC(=C2C#N)[N+](=O)[O-],Inactive,,,,100,4,&lt;
547,251969994,292535,C1=CC(=C(C=C1Br)[N+](=O)[O-])C#N,Active,,,,50,4.3,=
548,251969995,91800810,CC1=C(C2=C(N=C(N=C2N1)N)C)C3=CC=CC=C3OC.Cl,Inactive,,,,100,4,&lt;
549,251969996,14570326,CC1=CC(=NC2=C1C=C(C=C2)CC3=CN=C(N=C3N)N)N(C)C,Inactive,,,,100,4,&lt;
550,251969997,45832751,C1CCC(CC1)CNC(=O)C2=CN=NS2,Inactive,,,,100,4,&lt;
551,251969998,91800812,C1CCC(CC1)N2C(=O)CN(C2=O)C3CCCC4=C3C=CC=C4OCC5=CC=NC=C5,Active,,,,0.02,7.7,=
552,251969999,86102,CC(C)(C)C(CCC1=CC=C(C=C1)Cl)(CN2C=NC=N2)O,Active,,,,0.13,6.9,=
553,251970000,988110,CC1=C(C(=CC=C1)NS(=O)(=O)C2=CC3=C(C=C2)C4=C(C3=O)C=C(C=C4)S(=O)(=O)NC5=CC=CC(=C5C)C)C,Inactive,,,,100,4,&lt;
554,251970001,1203729,C1=CC=C(C=C1)C(=O)C2=C(C=CC(=C2)Cl)NC(=O)CN3C=NC(=N3)[N+](=O)[O-],Active,,,,10,5,=
555,251970002,5275713,CCCCNC1=NC=CC(=N1)C2=C3C=CC=C(N3N=C2C4=CC=C(C=C4)F)N5CCOCC5,Inactive,,,,100,4,&lt;
556,251970003,5065883,COC1=C(C=C(C=C1)[N+](=O)[O-])NC(=O)C2=C(C=CC(=C2)Cl)O,Inactive,,,,100,4,&lt;
557,251970004,722974,C1=CC=C(C(=C1)C(=O)NC2=CC=CC=N2)NC(=O)C3=CC=CO3,Inactive,,,,100,4,&lt;
558,251970005,91800813,C1CN(CCN1CC2=CC(=CC=C2)C3=CC=NC=C3)S(=O)(=O)C4=CC=C(C=C4)C#N,Active,,,,0.079,7.1,=
559,251970006,9965865,CC1=CC(=NC(=N1)C2=CC=CC=N2)NC3=CC(=CC=C3)OC,Inactive,,,,100,4,&lt;
560,251970007,91800814,CN(C)CCOC1=CC=C(C=C1)N2CCN(CC2)S(=O)(=O)C3=CC=C(C=C3)Cl,Active,,,,25,4.6,=
561,251970008,91800815,CN(C)CC1=CC=C(C=C1)N2CCC(CC2)NS(=O)(=O)C3=CC=C(C=C3)Cl,Inactive,,,,100,4,&lt;
562,251970009,91800816,CCCCN1C2=NOC(=C2C(=O)N(C1=O)CCCC)N,Active,,,,79,4.1,=
563,251970010,698547,CC1=CC(=NC(=C1C#N)SCC(=O)C2=CC3=C(C=C2)OCO3)C,Inactive,,,,100,4,&lt;
564,251970011,91800817,CC1=CC(=CC(=C1)Br)C(=O)C2=C(C(=O)NC(=O)N2CC3=CC(=NC=C3)N)C(C)C.CS(=O)(=O)O,Active,,,,0.016,7.8,=
565,251970012,135518254,C1=CC2=CN=C(C(=C2N=C1)O)C3=NNC(=N3)CC4=CC=C(C=C4)F,Inactive,,,,100,4,&lt;
566,251970013,91800818,C1=CC(=CC=C1NC2=NC(=CS2)C3=NC(=NC=C3)N)Cl.Br,Active,,,,1.3,5.9,=
567,251970014,135489150,COC1=C(C=C(C=C1)CC2=NC(=NN2)C3=NC=C4C=CC=NC4=C3O)OC,Inactive,,,,100,4,&lt;
568,251970015,135540473,C1=CC2=CN=C(C(=C2N=C1)O)C3=NNC(=N3)CC4=CC=C(C=C4)Cl,Active,,,,32,4.5,=
569,251970016,91800820,C1=CC(=CC2=C1C=CNC2=O)C3=CC=NC=C3,Active,,,,0.016,7.8,=
570,251970017,16219152,C1CC1C(=O)C2=CC=C(C=C2)OCCCC3=CN=CN3.C(=C\C(=O)O)\C(=O)O,Active,,,,0.05,7.3,=
571,251970018,135424644,C1=CC=C(C=C1)CCC2=NC(=NN2)C3=NC=C4C=CC=NC4=C3O,Inactive,,,,100,4,&lt;
572,251970019,10172478,C1=CC2=C(C=NN2N=C1)C3=NC(=NC=C3)NC4=CC=C(C=C4)S(=O)(=O)N,Inactive,,,,100,4,&lt;
573,251970020,10172462,CS(=O)(=O)C1=CC=C(C=C1)NC2=NC=CC(=N2)C3=C4C=CC=NN4N=C3,Active,,,,16,4.8,=
574,251970021,91800821,CC(=O)NC1=C(C=C(C=C1)NC2=NC=CC(=N2)C3=C4C=CC=NN4N=C3)C(F)(F)F,Active,,,,32,4.5,=
575,251970022,91800822,CC1=CC(=CC(=C1)Cl)C(=O)C2=C(C(=O)NC(=O)N2CC3=CC(=NC=C3)NC)C(C)C,Active,,,,0.032,7.5,=
576,251970023,91800823,C1C2=C(C=C(C=C2)NC3=NC=CC(=N3)C4=C5C=CC=NN5N=C4)C(=O)O1,Inactive,,,,100,4,&lt;
577,251970024,91800824,C1=CC=NC(=C1)C2=CSC(=N2)NC3=CC=C(C=C3)F.Br,Active,,,,16,4.8,=
578,251970026,136662863,C1=CSC2=C1N=C(NC2=O)NCCCNCC3=CC(=CC(=C3)Br)Br.Cl.Cl,Active,,,,32,4.5,=
579,251970027,91800828,C1=CC=C2C(=C1)C(=O)C=C(N2)NCCCNCC3=CNC4=C3C=C(C=C4)Br,Inactive,,,,100,4,&lt;
580,251970028,91800829,CC1=C(SC(=C1)Br)CNCCCNC2=CC(=O)C3=CC=CC=C3N2.Cl.Cl,Active,,,,63,4.2,=
581,251970029,91800831,C1CCN(C(C1)CNC(=O)C2=CC=CC=C2)C(=O)C3=CC=CC4=CC=CC=C43,Inactive,,,,100,4,&lt;
582,251970030,91800832,C1=CC=C2C(=C1)C(=O)C=C(N2)NCCCNCC3=CC(=CS3)C(F)(F)F.Cl.Cl,Active,,,,25,4.6,=
583,251970031,91800834,COC1=NC2=C(C=CN=C2C=C1)NC(=O)C3(CCN(CC3)CC(C4=CC5=C(C=C4)OCCO5)O)OC.Cl.Cl,Active,,,,1,6,=
584,251970032,91800835,C1=CC2=C(C(=C(C=C2Cl)Cl)O)N=C1CN.Cl,Active,,,,40,4.4,=
